i	j	k	mni_x_mm	mni_y_mm	mni_z_mm	tg_mean_subject_zstat_recip_gt_nonrecip	tg_sd_subject_zstat_recip_gt_nonrecip	tg_sem_subject_zstat_recip_gt_nonrecip	ug_mean_subject_zstat_fairness_pmod	ug_sd_subject_zstat_fairness_pmod	ug_sem_subject_zstat_fairness_pmod	signed_odr_residual
11	40	24	-45.100003	-1.800001	-0.719999	0.176592963	1.192762849	0.1038166804	-0.08751031802	1.239270864	0.1078646835	-0.2345658004
11	40	25	-45.100003	-1.800001	2.250001	0.1546521119	1.304889752	0.1135760747	0.07796009874	1.276446164	0.1111003781	-0.07595004236
11	41	24	-45.100003	0.899999	-0.719999	0.06292311144	1.171405574	0.1019577683	-0.04730774082	1.237201736	0.1076845891	-0.1490451038
11	42	23	-45.100003	3.599999	-3.689999	-0.02635578666	1.19536451	0.104043126	0.03865732032	1.33066648	0.1158196508	-0.03286679133
11	43	22	-45.100003	6.299999	-6.659999	-0.1971549186	1.159550219	0.100925892	0.1607835008	1.455674375	0.1267001916	0.1512482223
11	43	23	-45.100003	6.299999	-3.689999	-0.1147698368	1.267804289	0.1103481994	0.08685546699	1.424578122	0.1239936101	0.04890577767
11	44	22	-45.100003	8.999999	-6.659999	-0.1995107796	1.331387111	0.1158823737	0.1413247588	1.459848823	0.1270635306	0.134736176
12	35	24	-42.400002	-15.300001	-0.719999	-0.05496493367	1.280898335	0.1114878898	-0.07897378349	1.315111357	0.1144657511	-0.1264538526
12	35	25	-42.400002	-15.300001	2.250001	-0.1143888124	1.341796691	0.1167884114	-0.07377976475	1.32540463	0.1153616656	-0.09600326433
12	35	26	-42.400002	-15.300001	5.220001	-0.1441425131	1.224861283	0.1066104905	-0.1305099489	1.39244673	0.1211969314	-0.134217893
12	35	27	-42.400002	-15.300001	8.190001	-0.01435246704	1.156716069	0.100679211	-0.1175796423	1.190725863	0.1036393836	-0.1788529303
12	36	24	-42.400002	-12.600001	-0.719999	-0.03498108855	1.229957748	0.1070540808	-0.04271639577	1.190276154	0.1036002414	-0.1024497719
12	36	25	-42.400002	-12.600001	2.250001	-0.01059465452	1.348348212	0.1173586481	-0.06292038132	1.246749109	0.1085155812	-0.1312306909
12	36	26	-42.400002	-12.600001	5.220001	-0.05891385624	1.256701898	0.1093818603	-0.1110446862	1.310960992	0.1141045083	-0.153639491
12	36	27	-42.400002	-12.600001	8.190001	-0.007801046649	1.060258748	0.09228367879	-0.129864784	1.132957409	0.09861128499	-0.1927638797
12	37	22	-42.400002	-9.900001	-6.659999	-0.2886980261	1.208088199	0.1051505809	0.1330053612	1.257634914	0.1094630689	0.1659177187
12	37	23	-42.400002	-9.900001	-3.689999	-0.09385203776	1.195256816	0.1040337524	0.06176466584	1.23319883	0.1073361808	0.01722573523
12	37	24	-42.400002	-9.900001	-0.719999	0.02698145853	1.182098957	0.1028885078	-0.01590748202	1.175453324	0.1023100797	-0.1051643817
12	37	25	-42.400002	-9.900001	2.250001	0.07674483055	1.253296931	0.109085496	-0.02879060027	1.200206335	0.1044645527	-0.1383539165
12	37	26	-42.400002	-9.900001	5.220001	0.02437843326	1.113980999	0.09695960058	-0.05271887196	1.196975568	0.1041833505	-0.1372052137
12	37	27	-42.400002	-9.900001	8.190001	-0.02595120364	1.052722632	0.09162774412	-0.034056661	1.154857171	0.1005174147	-0.09856273147
12	38	22	-42.400002	-7.200001	-6.659999	-0.3233041123	1.17649225	0.1024005066	0.1141617143	1.250638162	0.1088540798	0.1639459011
12	38	23	-42.400002	-7.200001	-3.689999	-0.14635138	1.209561566	0.1052788211	0.01913666396	1.268456564	0.1104049727	0.001582301615
12	38	24	-42.400002	-7.200001	-0.719999	-0.01437943564	1.262055153	0.1098478014	-0.01083672284	1.181893393	0.1028706157	-0.08265824981
12	38	25	-42.400002	-7.200001	2.250001	0.09695801916	1.176484359	0.1023998197	-0.03849334577	1.221667068	0.1063324698	-0.1558626541
12	38	26	-42.400002	-7.200001	5.220001	0.06298976054	1.071383387	0.09325195433	0.01666578579	1.215429446	0.1057895544	-0.09142929648
12	38	27	-42.400002	-7.200001	8.190001	0.02057078612	1.074132247	0.09349121189	0.1162905152	1.258091343	0.109502796	0.01673556625
12	39	21	-42.400002	-4.500001	-9.629999	-0.3618516666	1.168201939	0.1016789276	0.08218341025	1.088277927	0.09472243529	0.1518481205
12	39	22	-42.400002	-4.500001	-6.659999	-0.2339821943	1.207677944	0.1051148728	0.0494840612	1.1914686	0.1037040305	0.06693040536
12	39	23	-42.400002	-4.500001	-3.689999	-0.08593758618	1.215189704	0.1057686876	-0.04288599327	1.233015491	0.1073202232	-0.08050424125
12	39	24	-42.400002	-4.500001	-0.719999	0.1082181043	1.275601878	0.1110268924	-0.06840354735	1.220718147	0.1062498768	-0.1876970506
12	39	25	-42.400002	-4.500001	2.250001	0.2405141922	1.174825178	0.1022554066	-0.07572560638	1.248572615	0.108674297	-0.2516677114
12	39	26	-42.400002	-4.500001	5.220001	0.1810337603	1.109711575	0.09658799492	0.1400277438	1.24945548	0.1087511406	-0.03146361966
12	39	27	-42.400002	-4.500001	8.190001	0.1818740908	1.171323225	0.1019506007	0.2993263075	1.275060878	0.1109798044	0.1117113229
12	40	21	-42.400002	-1.800001	-9.629999	-0.3142052933	1.179760164	0.102684942	0.08689992946	1.15765468	0.1007609066	0.1354351952
12	40	22	-42.400002	-1.800001	-6.659999	-0.13088825	1.223957066	0.1065317885	0.07887957302	1.21350021	0.105621636	0.04870901495
12	40	23	-42.400002	-1.800001	-3.689999	0.05176324128	1.13300337	0.09861528546	-0.01463464493	1.257270501	0.1094313509	-0.1147646027
12	40	24	-42.400002	-1.800001	-0.719999	0.25529054	1.151995579	0.100268345	-0.07405697489	1.258506018	0.1095388888	-0.2565722275
12	40	25	-42.400002	-1.800001	2.250001	0.3183089863	1.276272294	0.1110852446	0.006450028469	1.230524429	0.1071034041	-0.2113589407
12	40	26	-42.400002	-1.800001	5.220001	0.283289693	1.282284669	0.1116085547	0.3027523765	1.271481116	0.1106682262	0.07081746011
12	40	27	-42.400002	-1.800001	8.190001	0.3105420874	1.250838306	0.1088715002	0.3719174438	1.245580289	0.1084138485	0.1213215493
12	41	21	-42.400002	0.899999	-9.629999	-0.2483539748	1.26294937	0.109925633	0.1186907133	1.357523477	0.1181572524	0.1355231588
12	41	22	-42.400002	0.899999	-6.659999	-0.1778156122	1.162813134	0.1012098923	0.0935280668	1.33299833	0.1160226123	0.08225938417
12	41	23	-42.400002	0.899999	-3.689999	-0.003597883077	1.028942117	0.08955791595	-0.007546623068	1.273552684	0.1108485329	-0.08436928081
12	41	24	-42.400002	0.899999	-0.719999	0.1248415572	1.104174164	0.0961060251	-0.03972688692	1.248220117	0.108643616	-0.1690664416
12	41	25	-42.400002	0.899999	2.250001	0.1273832398	1.294648117	0.1126846548	0.1449706465	1.291613045	0.1124204857	-0.003743042351
12	41	26	-42.400002	0.899999	5.220001	0.1538248754	1.361779687	0.1185277079	0.3986302826	1.400545511	0.1219018398	0.2133554169
12	42	21	-42.400002	3.599999	-9.629999	-0.2030078946	1.22289038	0.1064389454	0.1089453267	1.323426456	0.1151894877	0.1070765949
12	42	22	-42.400002	3.599999	-6.659999	-0.1666620588	1.120734932	0.097547455	0.117610064	1.318098479	0.1147257467	0.09912200995
12	42	23	-42.400002	3.599999	-3.689999	-0.05713941538	1.158899915	0.1008692904	0.03322909192	1.313708878	0.1143436811	-0.02440804841
12	42	24	-42.400002	3.599999	-0.719999	-0.09308329139	1.293382172	0.1125744684	0.05840079984	1.307638058	0.113815284	0.01386126907
12	42	25	-42.400002	3.599999	2.250001	-0.1885812919	1.362018196	0.1185484674	0.2387990928	1.305350625	0.1136161885	0.2178277036
12	43	21	-42.400002	6.299999	-9.629999	-0.289101996	1.171740931	0.1019869574	0.08468612498	1.327807129	0.1155707763	0.1225538299
12	43	22	-42.400002	6.299999	-6.659999	-0.1803322359	1.118117304	0.0973196197	0.1311891488	1.370017094	0.1192446821	0.1172860921
12	43	23	-42.400002	6.299999	-3.689999	-0.1244057144	1.33158785	0.1158998458	0.08462890754	1.346036333	0.1171574248	0.05107828845
12	43	24	-42.400002	6.299999	-0.719999	-0.2434762158	1.442658042	0.1255672652	0.1310316384	1.30217867	0.1133401053	0.1445278705
12	44	21	-42.400002	8.999999	-9.629999	-0.2639401085	1.198416551	0.104308772	0.08496428146	1.396178158	0.1215217106	0.1118924904
12	44	22	-42.400002	8.999999	-6.659999	-0.1583976967	1.203086517	0.1047152404	0.05132144298	1.419938421	0.1235897759	0.03580722037
12	44	23	-42.400002	8.999999	-3.689999	-0.2202706847	1.371016947	0.1193317082	0.03621050017	1.426034891	0.1241204055	0.0490236973
12	44	24	-42.400002	8.999999	-0.719999	-0.3195002683	1.421580087	0.1237326646	0.1389152362	1.312658879	0.1142522904	0.1846009737
12	45	21	-42.400002	11.699999	-9.629999	-0.144055689	1.188631349	0.1034570795	0.03805860279	1.422232841	0.1237894796	0.01763674392
12	45	22	-42.400002	11.699999	-6.659999	-0.1626384229	1.252823082	0.1090442527	-0.1025281341	1.500922386	0.1306385253	-0.100983144
12	45	23	-42.400002	11.699999	-3.689999	-0.2723639842	1.380584976	0.1201644982	-0.0489162751	1.505512141	0.1310380123	-0.005090251748
12	46	21	-42.400002	14.399999	-9.629999	-0.2263292517	1.267383876	0.1103116071	-0.125298633	1.419084515	0.123515453	-0.09388012881
12	46	22	-42.400002	14.399999	-6.659999	-0.2930835336	1.23657783	0.107630285	-0.2662561258	1.480452639	0.1288568626	-0.1919434956
12	46	23	-42.400002	14.399999	-3.689999	-0.360045302	1.28775768	0.1120849192	-0.1038421551	1.509516102	0.1313865124	-0.01655755186
12	47	22	-42.400002	17.099999	-6.659999	-0.5903516822	1.295255701	0.1127375381	-0.3901342417	1.432639552	0.1246952675	-0.1746499698
12	47	23	-42.400002	17.099999	-3.689999	-0.6313685473	1.271874325	0.1107024505	-0.188705809	1.371983127	0.1194158034	0.02463923778
13	34	24	-39.700002	-18.000001	-0.719999	0.05566030942	1.344020156	0.1169819392	-0.0005123054884	1.356320961	0.1180525868	-0.1037294125
13	34	25	-39.700002	-18.000001	2.250001	0.06576588891	1.382078914	0.1202945288	-0.02039401936	1.231135293	0.107156573	-0.1260267507
13	34	26	-39.700002	-18.000001	5.220001	0.02595993848	1.259987217	0.1096678107	-0.07449298969	1.312510924	0.1142394125	-0.1575110998
13	34	27	-39.700002	-18.000001	8.190001	0.01587596989	1.195396192	0.1040458835	0.003629219483	1.31933166	0.1148330814	-0.08274429275
13	34	28	-39.700002	-18.000001	11.160001	-0.1138664286	1.248201179	0.1086419677	0.05472092387	1.173182834	0.1021124588	0.0195584801
13	35	23	-39.700002	-15.300001	-3.689999	-0.1729380583	1.278720591	0.1112983415	0.08292637107	1.379754642	0.120092227	0.07059124684
13	35	24	-39.700002	-15.300001	-0.719999	-0.001555230601	1.231720171	0.1072074801	0.1082138782	1.324422266	0.1152761618	0.01905334974
13	35	25	-39.700002	-15.300001	2.250001	0.05835503367	1.398476163	0.1217217261	0.0527096073	1.199072196	0.1043658386	-0.05694129593
13	35	26	-39.700002	-15.300001	5.220001	0.06124931037	1.305116542	0.1135958142	-0.04597063495	1.253129164	0.1090708937	-0.1471143972
13	35	27	-39.700002	-15.300001	8.190001	0.04050719248	1.170872296	0.1019113523	-0.02605734944	1.239322748	0.1078691995	-0.1201758535
13	35	28	-39.700002	-15.300001	11.160001	-0.08529136546	1.073050698	0.09339707514	-0.006887820733	1.130935699	0.09843531772	-0.04834756697
13	36	22	-39.700002	-12.600001	-6.659999	-0.2634300109	1.309028872	0.1139363388	0.1473436303	1.344814132	0.1170510459	0.167879519
13	36	23	-39.700002	-12.600001	-3.689999	-0.1590669971	1.265496796	0.1101473579	0.09202799848	1.280046054	0.1114137083	0.07277698683
13	36	24	-39.700002	-12.600001	-0.719999	0.08780963455	1.204888667	0.1048720974	0.1952901268	1.262780049	0.1099108954	0.05876031994
13	36	25	-39.700002	-12.600001	2.250001	0.1696724543	1.337231414	0.116391055	0.1566202835	1.238431555	0.107791631	-0.01158549001
13	36	26	-39.700002	-12.600001	5.220001	0.1362000145	1.246228063	0.10847023	0.004781013341	1.309302951	0.1139601944	-0.1338874809
13	36	27	-39.700002	-12.600001	8.190001	0.08103435847	1.058281982	0.09211162336	-0.02537705241	1.173476055	0.1021379805	-0.1371383099
13	36	28	-39.700002	-12.600001	11.160001	-0.04104432285	1.085504223	0.09448101536	0.02352754402	1.224092405	0.1065435683	-0.04012980838
13	37	21	-39.700002	-9.900001	-9.629999	-0.3221893203	1.290386471	0.1123137261	0.0903978344	1.174281103	0.1022080509	0.1420494972
13	37	22	-39.700002	-9.900001	-6.659999	-0.2788339971	1.26141194	0.1097918169	0.1171174375	1.253849874	0.1091336235	0.1473238237
13	37	23	-39.700002	-9.900001	-3.689999	-0.1231013126	1.224026454	0.1065378279	0.1020575342	1.247238763	0.1085582002	0.06621704327
13	37	24	-39.700002	-9.900001	-0.719999	0.08473582643	1.171980429	0.102007803	0.1697794877	1.320604353	0.1149438551	0.03710643542
13	37	25	-39.700002	-9.900001	2.250001	0.1388267407	1.161985141	0.1011378248	0.1226030583	1.246676391	0.108509252	-0.02886054819
13	37	26	-39.700002	-9.900001	5.220001	0.1389050261	1.123174195	0.09775976559	0.04659673221	1.291007399	0.1123677709	-0.09738162007
13	37	27	-39.700002	-9.900001	8.190001	0.1156419203	1.079602813	0.0939673635	0.04301148236	1.217186634	0.105942498	-0.09052365394
13	37	28	-39.700002	-9.900001	11.160001	-0.004210915282	1.087762407	0.09467756501	0.1110256854	1.318064084	0.1147227531	0.02273868172
13	38	20	-39.700002	-7.200001	-12.599999	-0.3161867452	1.266824645	0.1102629323	0.04820886637	1.285915316	0.111924562	0.1014310853
13	38	21	-39.700002	-7.200001	-9.629999	-0.3142994218	1.338887347	0.1165351855	0.08558777395	1.199715103	0.1044217965	0.1342936703
13	38	22	-39.700002	-7.200001	-6.659999	-0.2268173871	1.198753382	0.1043380894	0.1321921324	1.257050878	0.1094122352	0.1383491092
13	38	23	-39.700002	-7.200001	-3.689999	-0.1364283916	1.160498939	0.1010084676	0.1875716032	1.232789647	0.107300566	0.1490508859
13	38	24	-39.700002	-7.200001	-0.719999	0.02626278385	1.156086256	0.1006243928	0.1786100097	1.215978846	0.1058373736	0.07042142263
13	38	25	-39.700002	-7.200001	2.250001	0.1399869285	1.048358303	0.09124787797	0.08607528461	1.17719541	0.1024617088	-0.06227781772
13	38	26	-39.700002	-7.200001	5.220001	0.1871946773	1.011122225	0.08800689337	0.09170355103	1.178822112	0.1026032951	-0.07767897503
13	38	27	-39.700002	-7.200001	8.190001	0.2012138327	1.045559917	0.09100430977	0.1108119205	1.193381685	0.1038705432	-0.06654067075
13	38	28	-39.700002	-7.200001	11.160001	0.1335320974	1.253118178	0.1090699375	0.1372342881	1.30298404	0.1134102037	-0.01338063372
13	39	20	-39.700002	-4.500001	-12.599999	-0.3195258527	1.335102205	0.1162057311	0.04812373648	1.271206875	0.1106443565	0.102802451
13	39	21	-39.700002	-4.500001	-9.629999	-0.2505859162	1.272039686	0.1107168434	0.08968497732	1.13798046	0.0990484855	0.1103548495
13	39	22	-39.700002	-4.500001	-6.659999	-0.08789355638	1.240630405	0.1079830164	0.1620701969	1.226806145	0.106779769	0.1050241541
13	39	23	-39.700002	-4.500001	-3.689999	-0.0004184465118	1.211253455	0.1054260811	0.2491572244	1.206912591	0.1050482574	0.1455603687
13	39	24	-39.700002	-4.500001	-0.719999	0.1552495355	1.169804432	0.1018184068	0.19049456	1.219781756	0.1061683745	0.02519244972
13	39	25	-39.700002	-4.500001	2.250001	0.3071803811	1.114731906	0.09702495862	0.08957085725	1.225177148	0.106637983	-0.1316349923
13	39	26	-39.700002	-4.500001	5.220001	0.2918824247	1.051634426	0.0915330279	0.165512525	1.24251931	0.1081474244	-0.05657185377
13	39	27	-39.700002	-4.500001	8.190001	0.3569669555	1.078870621	0.09390363435	0.2313247165	1.236249325	0.1076016924	-0.02549564152
13	39	28	-39.700002	-4.500001	11.160001	0.4301155693	1.260317043	0.1096965183	0.2381863009	1.306379816	0.1137057681	-0.05103528959
13	40	19	-39.700002	-1.800001	-15.569999	-0.3763986456	1.25321525	0.1090783866	0.01793872368	1.233258617	0.1073413846	0.1002676764
13	40	20	-39.700002	-1.800001	-12.599999	-0.276683643	1.194860526	0.1039992598	0.1087985954	1.241967469	0.1080993929	0.1388954075
13	40	21	-39.700002	-1.800001	-9.629999	-0.1577728045	1.179919116	0.102698777	0.1699186957	1.25487424	0.1092227831	0.1424008078
13	40	22	-39.700002	-1.800001	-6.659999	0.03539942288	1.302588941	0.1133758148	0.2225904458	1.186288597	0.1032531691	0.1060886385
13	40	23	-39.700002	-1.800001	-3.689999	0.1702871048	1.249553148	0.1087596415	0.2293426138	1.183696484	0.1030275547	0.0536759612
13	40	24	-39.700002	-1.800001	-0.719999	0.3141046017	1.151655244	0.1002387227	0.1712098664	1.248272826	0.1086482037	-0.06107525426
13	40	25	-39.700002	-1.800001	2.250001	0.4226209216	1.1767099	0.1024194505	0.1342528025	1.18832771	0.1034306511	-0.1414365752
13	40	26	-39.700002	-1.800001	5.220001	0.3910156235	1.192968911	0.1038346159	0.2959631728	1.298310653	0.1130034376	0.01798230221
13	40	27	-39.700002	-1.800001	8.190001	0.4636303031	1.21252654	0.1055368889	0.3625751165	1.263809131	0.1100004656	0.04651354185
13	40	28	-39.700002	-1.800001	11.160001	0.5778516488	1.258003996	0.1094951934	0.2850565063	1.279346204	0.1113527942	-0.07287072939
13	41	19	-39.700002	0.899999	-15.569999	-0.336067611	1.083912032	0.09434243288	0.1370628689	1.203047027	0.1047118032	0.190116633
13	41	20	-39.700002	0.899999	-12.599999	-0.2129101421	1.109785051	0.09659439017	0.239382481	1.284763984	0.1118243514	0.2289040923
13	41	21	-39.700002	0.899999	-9.629999	-0.05448708011	1.210787418	0.1053855178	0.2801275201	1.420650798	0.1236517804	0.1969148074
13	41	22	-39.700002	0.899999	-6.659999	0.04532850093	1.225622971	0.106676787	0.2187799853	1.294226159	0.112647928	0.0983491895
13	41	23	-39.700002	0.899999	-3.689999	0.1000107794	1.099405615	0.09569097621	0.1221181995	1.19656766	0.1041478468	-0.01246408777
13	41	24	-39.700002	0.899999	-0.719999	0.1627884649	1.091932863	0.09504055663	0.06792689196	1.288489241	0.1121485934	-0.08851917693
13	41	25	-39.700002	0.899999	2.250001	0.2008871084	1.178645753	0.1025879449	0.1609392088	1.28576221	0.1119112358	-0.02123071733
13	41	26	-39.700002	0.899999	5.220001	0.216636999	1.321023742	0.1149803582	0.390133592	1.384475428	0.1205031186	0.1784595024
13	42	20	-39.700002	3.599999	-12.599999	-0.08913942919	1.16813227	0.1016728637	0.2796754794	1.256091503	0.1093287323	0.2115352018
13	42	21	-39.700002	3.599999	-9.629999	0.06778163665	1.207636256	0.1051112443	0.2777007701	1.338413926	0.1164939794	0.1417037482
13	42	22	-39.700002	3.599999	-6.659999	0.04517951891	1.115186263	0.09706450535	0.1368888902	1.237008479	0.1076677682	0.02462408026
13	42	23	-39.700002	3.599999	-3.689999	-0.01230825975	1.12424705	0.09785314562	-0.0277733764	1.228911346	0.1069630033	-0.09881759156
13	42	24	-39.700002	3.599999	-0.719999	-0.07938891954	1.280770243	0.1114767409	-0.01290368302	1.358628161	0.1182534028	-0.05632800707
13	42	25	-39.700002	3.599999	2.250001	-0.1656464906	1.382361813	0.120319152	0.1499314451	1.413686189	0.123045589	0.1278054576
13	43	20	-39.700002	6.299999	-12.599999	-0.05514129716	1.172502338	0.1020532293	0.2416164299	1.234077941	0.1074126976	0.1624972828
13	43	21	-39.700002	6.299999	-9.629999	0.02651392368	1.182417928	0.1029162706	0.2127894709	1.225286848	0.1066475312	0.1011106433
13	43	22	-39.700002	6.299999	-6.659999	-0.03792132288	1.02863281	0.0895309942	0.05646614991	1.226226293	0.1067292994	-0.01180412899
13	43	23	-39.700002	6.299999	-3.689999	-0.1011067662	1.18476513	0.1031205684	-0.02448843851	1.182237437	0.1029005609	-0.05734830007
13	43	24	-39.700002	6.299999	-0.719999	-0.2132432468	1.37417988	0.1196070061	0.04128553361	1.311002703	0.1141081388	0.05054906913
13	43	25	-39.700002	6.299999	2.250001	-0.3614749831	1.450817889	0.1262774887	0.1232630559	1.357310882	0.1181387484	0.1887004549
13	44	20	-39.700002	8.999999	-12.599999	-0.1577201471	1.093610716	0.09518659499	0.1674659734	1.162262405	0.1011619575	0.140167894
13	44	21	-39.700002	8.999999	-9.629999	-0.06744004167	1.105234444	0.09619831062	0.1721606164	1.226837788	0.1067825232	0.1052462477
13	44	22	-39.700002	8.999999	-6.659999	-0.092809229	0.9988999354	0.08694307964	0.01486483165	1.222982218	0.1064469389	-0.0254865968
13	44	23	-39.700002	8.999999	-3.689999	-0.1807379029	1.191150715	0.1036763622	-0.0105193859	1.231888517	0.1072221327	-0.01022748058
13	44	24	-39.700002	8.999999	-0.719999	-0.2567515949	1.361568302	0.1185093092	0.09530614785	1.320314419	0.1149186196	0.1180938006
13	44	25	-39.700002	8.999999	2.250001	-0.3222306144	1.364946568	0.1188033495	0.138262338	1.358199973	0.1182161338	0.1851967375
13	45	20	-39.700002	11.699999	-12.599999	-0.12279587	1.059978954	0.09225932583	0.07572686922	1.137095264	0.09897143908	0.04235877423
13	45	21	-39.700002	11.699999	-9.629999	-0.011140351	1.030837589	0.08972289562	0.1213771522	1.212267076	0.1055143055	0.03507118636
13	45	22	-39.700002	11.699999	-6.659999	-0.03915172524	1.110782318	0.09668119113	-0.04160865523	1.289540827	0.1122401222	-0.09964293492
13	45	23	-39.700002	11.699999	-3.689999	-0.1361915165	1.225443219	0.1066611415	-0.01587492575	1.354284873	0.1178753681	-0.03437167545
13	45	24	-39.700002	11.699999	-0.719999	-0.1925915065	1.340590169	0.1166833971	0.119891562	1.440188088	0.1253522833	0.1124226493
13	46	20	-39.700002	14.399999	-12.599999	-0.2227530135	1.227032074	0.1067994336	-0.1580153746	1.283927601	0.1117515536	-0.1249111573
13	46	21	-39.700002	14.399999	-9.629999	-0.194334218	1.116977071	0.09722037518	-0.05163116633	1.295563313	0.1127643123	-0.04137580128
13	46	22	-39.700002	14.399999	-6.659999	-0.102052865	1.161697256	0.1011127677	-0.1303249778	1.343486417	0.1169354832	-0.1523042763
13	46	23	-39.700002	14.399999	-3.689999	-0.09356784836	1.18451171	0.103098511	-0.02003303496	1.416435059	0.1232848474	-0.05660307293
13	46	24	-39.700002	14.399999	-0.719999	-0.1513596514	1.261020318	0.1097577305	0.1502552644	1.490745348	0.1297527279	0.1219014556
13	47	21	-39.700002	17.099999	-9.629999	-0.5357223843	1.316733901	0.1146069755	-0.2824302261	1.414928442	0.1231537133	-0.1012921053
13	47	22	-39.700002	17.099999	-6.659999	-0.404033554	1.229223042	0.1069901329	-0.2268115658	1.313444826	0.1143206982	-0.1082853382
13	47	23	-39.700002	17.099999	-3.689999	-0.310910793	1.208932661	0.1052240819	-0.08598053627	1.267402671	0.110313243	-0.02177116587
13	47	24	-39.700002	17.099999	-0.719999	-0.3343466257	1.235398064	0.1075275996	0.03724230527	1.326340788	0.1154431477	0.09942484318
13	48	23	-39.700002	19.799999	-3.689999	-0.6155294663	1.277175207	0.1111638331	-0.1755395484	1.301926528	0.1133181591	0.02963402935
14	32	24	-37.000002	-23.400002	-0.719999	0.08138325099	1.297665508	0.1129472849	0.02684251996	1.219428901	0.1061376623	-0.09023605457
14	32	25	-37.000002	-23.400002	2.250001	0.07781689346	1.389849939	0.1209709098	0.09316815645	1.272327787	0.1107419194	-0.02892529925
14	33	23	-37.000002	-20.700001	-3.689999	0.09430600052	1.234922257	0.1074861859	0.1223097566	1.140601408	0.09927660972	-0.009817484607
14	33	24	-37.000002	-20.700001	-0.719999	0.1334841446	1.280988947	0.1114957766	0.08796192785	1.221036409	0.1062775779	-0.05775774945
14	33	25	-37.000002	-20.700001	2.250001	0.0933760645	1.437087836	0.1250824409	0.06955966255	1.233476353	0.1073603361	-0.05694579607
14	33	26	-37.000002	-20.700001	5.220001	-0.003837527496	1.395102553	0.1214280911	0.0362098486	1.281423529	0.1115336021	-0.04483765164
14	33	27	-37.000002	-20.700001	8.190001	-0.1557784834	1.323933787	0.1152336452	0.1391502232	1.269806763	0.1105224924	0.11381134
14	33	28	-37.000002	-20.700001	11.160001	-0.1876444068	1.354678211	0.1179096037	0.1556069914	1.179324234	0.1026469991	0.1424593858
14	33	29	-37.000002	-20.700001	14.130001	-0.09538795834	1.361365119	0.1184916244	-0.01535989245	1.364458124	0.118760836	-0.05160290944
14	34	23	-37.000002	-18.000001	-3.689999	0.05125825377	1.278148531	0.1112485501	0.2063642583	1.190654305	0.1036331553	0.0845901726
14	34	24	-37.000002	-18.000001	-0.719999	0.1212508043	1.345502327	0.1171109456	0.1709989877	1.229779228	0.1070385427	0.02236980866
14	34	25	-37.000002	-18.000001	2.250001	0.1411854912	1.519308513	0.1322388323	0.04343340512	1.183389458	0.1030008315	-0.1012209748
14	34	26	-37.000002	-18.000001	5.220001	0.1046642548	1.465839012	0.1275849097	0.04240925069	1.303985136	0.1134973379	-0.08630561358
14	34	27	-37.000002	-18.000001	8.190001	-0.06115059125	1.333160915	0.1160367635	0.2196502825	1.308624525	0.113901145	0.145310273
14	34	28	-37.000002	-18.000001	11.160001	-0.179154912	1.253423193	0.1090964856	0.1386713416	1.161437027	0.1010901176	0.1235175104
14	34	29	-37.000002	-18.000001	14.130001	-0.09166578982	1.231919171	0.1072248008	-0.137915472	1.391669773	0.121129306	-0.1636484253
14	34	30	-37.000002	-18.000001	17.100001	0.003613237715	1.368329465	0.1190977929	-0.2515933797	1.475594584	0.1284340231	-0.3074000709
14	35	22	-37.000002	-15.300001	-6.659999	-0.09302073945	1.202783214	0.1046888413	0.0517136499	1.191429685	0.1037006434	0.007808542996
14	35	23	-37.000002	-15.300001	-3.689999	-0.04944229054	1.258684773	0.1095544474	0.1750741146	1.224024937	0.1065376959	0.1000664166
14	35	24	-37.000002	-15.300001	-0.719999	0.0866209753	1.265698393	0.1101649047	0.2438776894	1.301360367	0.1132688811	0.1030566668
14	35	25	-37.000002	-15.300001	2.250001	0.196074676	1.417269497	0.1233574759	0.1095101731	1.15149024	0.1002243609	-0.0654849353
14	35	26	-37.000002	-15.300001	5.220001	0.2097579662	1.381116737	0.1202107821	0.02359991737	1.175124946	0.102281498	-0.148830249
14	35	27	-37.000002	-15.300001	8.190001	0.02559670991	1.16737244	0.101606729	0.08677562942	1.234691539	0.1074661045	-0.01203904818
14	35	28	-37.000002	-15.300001	11.160001	-0.09315262734	1.118381802	0.0973426413	0.005854612026	1.197793077	0.1042545056	-0.03345652556
14	35	29	-37.000002	-15.300001	14.130001	-0.01291338268	1.070006861	0.09313214314	-0.1399838912	1.319928079	0.114884993	-0.1996648458
14	35	30	-37.000002	-15.300001	17.100001	0.04158114066	1.302211281	0.1133429437	-0.1826588096	1.443430669	0.1256345137	-0.2617506804
14	36	22	-37.000002	-12.600001	-6.659999	-0.1472987225	1.182096588	0.1028883016	0.07957330177	1.110014473	0.09661435877	0.0564508584
14	36	23	-37.000002	-12.600001	-3.689999	-0.1267079147	1.152657187	0.1003259306	0.1102284775	1.160910012	0.1010442468	0.07514372446
14	36	24	-37.000002	-12.600001	-0.719999	0.07284837754	1.139881031	0.09921390901	0.2843393874	1.221209689	0.10629266	0.1454883179
14	36	25	-37.000002	-12.600001	2.250001	0.1918598278	1.195999715	0.1040984135	0.2077971572	1.156044083	0.1006207221	0.02490650574
14	36	26	-37.000002	-12.600001	5.220001	0.1932527372	1.150178204	0.1001101628	-0.02624591249	1.200609482	0.1044996422	-0.1865870599
14	36	27	-37.000002	-12.600001	8.190001	0.08543752658	1.002551667	0.08726092212	-0.02436155148	1.200185842	0.104462769	-0.1381327969
14	36	28	-37.000002	-12.600001	11.160001	-0.01410507268	1.078334293	0.09385695303	0.01564870303	1.206753536	0.1050344134	-0.05891197499
14	36	29	-37.000002	-12.600001	14.130001	0.01615301235	1.077548645	0.09378857119	0.02713550837	1.332856611	0.1160102773	-0.06168359489
14	37	21	-37.000002	-9.900001	-9.629999	-0.1365184266	1.162461086	0.1011792505	0.05884389121	1.036375121	0.09020487584	0.03309708014
14	37	22	-37.000002	-9.900001	-6.659999	-0.1379975152	1.139637543	0.09919271605	0.1277940358	1.051625494	0.09153225044	0.09586751669
14	37	23	-37.000002	-9.900001	-3.689999	-0.1583290093	1.156136515	0.1006287673	0.1666917032	1.139595837	0.09918908598	0.1397342671
14	37	24	-37.000002	-9.900001	-0.719999	0.03716604121	1.120297326	0.0975093662	0.3225120793	1.242757932	0.1081681938	0.1953590273
14	37	25	-37.000002	-9.900001	2.250001	0.13452477	1.150190992	0.1001112759	0.2519467738	1.183287405	0.1029919489	0.08955300574
14	37	26	-37.000002	-9.900001	5.220001	0.1386856258	1.12809105	0.09818772289	0.07399763281	1.244824484	0.1083480642	-0.07259630645
14	37	27	-37.000002	-9.900001	8.190001	0.1736253367	1.078474131	0.09386912436	0.0450006662	1.211693656	0.1054643957	-0.1138769777
14	37	28	-37.000002	-9.900001	11.160001	0.1233896377	1.156519736	0.1006621223	0.07350241397	1.285168623	0.1118595707	-0.06640910906
14	37	29	-37.000002	-9.900001	14.130001	0.02603297108	1.276030228	0.1110641755	0.1238713789	1.387658682	0.1207801854	0.02119767461
14	38	21	-37.000002	-7.200001	-9.629999	-0.1137896404	1.144209898	0.09959068852	0.04240038772	1.04378773	0.09085006067	0.008423497339
14	38	22	-37.000002	-7.200001	-6.659999	-0.03604966904	1.116777069	0.09720296719	0.1946600326	1.12092527	0.09756402172	0.1119067357
14	38	23	-37.000002	-7.200001	-3.689999	-0.07232425155	1.125294212	0.09794428931	0.3091039515	1.191683837	0.1037227645	0.2307601012
14	38	24	-37.000002	-7.200001	-0.719999	0.06591904029	1.114736179	0.09702533051	0.3907204513	1.187414308	0.1033511497	0.2443502971
14	38	25	-37.000002	-7.200001	2.250001	0.1613225012	1.139119508	0.09914762691	0.2962892574	1.200806642	0.1045168027	0.1178873505
14	38	26	-37.000002	-7.200001	5.220001	0.172361292	1.076100874	0.09366255886	0.2011983441	1.232069948	0.1072379243	0.02741645188
14	38	27	-37.000002	-7.200001	8.190001	0.2514432987	1.121793445	0.09763958673	0.09160982116	1.215172463	0.105767187	-0.1056261898
14	38	28	-37.000002	-7.200001	11.160001	0.2707331613	1.248242909	0.1086455998	0.0656373864	1.232189632	0.1072483414	-0.1373946582
14	38	29	-37.000002	-7.200001	14.130001	0.2014505244	1.364810647	0.1187915192	0.1066383013	1.407199434	0.1224809894	-0.07040404572
14	39	20	-37.000002	-4.500001	-12.599999	-0.1228560132	1.245180494	0.1083790509	0.02434182472	1.136519918	0.09892136168	-0.003916734088
14	39	21	-37.000002	-4.500001	-9.629999	-0.05755412796	1.229750807	0.107036069	0.03272266374	1.049145997	0.09131643798	-0.02468452755
14	39	22	-37.000002	-4.500001	-6.659999	0.07684165385	1.116334151	0.09716441617	0.1843282287	1.093705388	0.09519483509	0.05363936182
14	39	23	-37.000002	-4.500001	-3.689999	0.1358788304	1.151389733	0.1002156129	0.3436256484	1.175580653	0.1023211622	0.1715749951
14	39	24	-37.000002	-4.500001	-0.719999	0.2288282244	1.117253935	0.09724447307	0.3750443798	1.156570146	0.10066651	0.1595760661
14	39	25	-37.000002	-4.500001	2.250001	0.276900491	1.156041693	0.1006205141	0.3084783684	1.136935833	0.09895756237	0.07874779827
14	39	26	-37.000002	-4.500001	5.220001	0.2670335128	1.095722716	0.09537042096	0.2407311288	1.258015336	0.1094961804	0.02198172391
14	39	27	-37.000002	-4.500001	8.190001	0.3461028478	1.123160937	0.09775861159	0.1497427034	1.215035815	0.1057552933	-0.09429540765
14	39	28	-37.000002	-4.500001	11.160001	0.4508686626	1.188964442	0.1034860716	0.1597372988	1.194458883	0.1039643013	-0.1307234493
14	39	29	-37.000002	-4.500001	14.130001	0.4492594288	1.312410525	0.1142306739	0.2003081116	1.335030936	0.116199528	-0.09346837497
14	40	19	-37.000002	-1.800001	-15.569999	-0.1910864996	1.197301018	0.1042116773	-0.04527096518	1.172584701	0.102060398	-0.03705324727
14	40	20	-37.000002	-1.800001	-12.599999	-0.07496479107	1.159002953	0.1008782586	0.09092289128	1.073349158	0.09342305269	0.03530852712
14	40	21	-37.000002	-1.800001	-9.629999	-0.01258729158	1.212632836	0.1055461408	0.1113221859	1.091621153	0.09501342575	0.02663844054
14	40	22	-37.000002	-1.800001	-6.659999	0.1270932065	1.204331937	0.1048236403	0.1945761297	1.133775347	0.09868247743	0.04108081564
14	40	23	-37.000002	-1.800001	-3.689999	0.269607917	1.252293897	0.1089981931	0.266693437	1.164367257	0.1013451614	0.0442591715
14	40	24	-37.000002	-1.800001	-0.719999	0.3243161185	1.13085656	0.09842842961	0.2456497289	1.12357324	0.09779449797	0.001571934409
14	40	25	-37.000002	-1.800001	2.250001	0.3196703405	1.11930131	0.09742267417	0.2622436029	1.118126323	0.09732040471	0.01853893733
14	40	26	-37.000002	-1.800001	5.220001	0.3498507954	1.116687964	0.09719521165	0.2963418289	1.293485224	0.1125834379	0.03617548631
14	40	27	-37.000002	-1.800001	8.190001	0.4630885708	1.171037356	0.101925719	0.2932636976	1.305752235	0.1136511441	-0.01570605737
14	40	28	-37.000002	-1.800001	11.160001	0.5339358841	1.202800388	0.1046903361	0.2701580718	1.283829472	0.1117430126	-0.0672502925
14	41	19	-37.000002	0.899999	-15.569999	-0.1803291508	1.134752574	0.09876753407	0.1009501935	1.211223156	0.1054234439	0.09003729829
14	41	20	-37.000002	0.899999	-12.599999	0.02944473929	1.022053197	0.08895831244	0.2204821278	1.227329229	0.1068252977	0.1067712665
14	41	21	-37.000002	0.899999	-9.629999	0.1164995002	1.027537969	0.08943570056	0.240240213	1.24305055	0.108193663	0.08682159427
14	41	22	-37.000002	0.899999	-6.659999	0.1602683862	1.138077543	0.09905693545	0.1984675602	1.253191703	0.1090763371	0.03020016214
14	41	23	-37.000002	0.899999	-3.689999	0.1993789765	1.181366684	0.1028247716	0.1464022399	1.223250168	0.1064702609	-0.03367553035
14	41	24	-37.000002	0.899999	-0.719999	0.1468982645	0.9993449455	0.0869818128	0.08696984895	1.246258298	0.1084728616	-0.06446899674
14	41	25	-37.000002	0.899999	2.250001	0.09438322034	1.055109389	0.09183548462	0.2030714674	1.342884544	0.1168830968	0.06292109004
14	41	26	-37.000002	0.899999	5.220001	0.1556823265	1.192571204	0.1037999999	0.3726593825	1.405250098	0.1223113215	0.1891482607
14	41	27	-37.000002	0.899999	8.190001	0.2489410925	1.29196605	0.1124512108	0.3629145716	1.373290173	0.1195295671	0.1399238781
14	42	19	-37.000002	3.599999	-15.569999	-0.1119259536	1.239590612	0.107892514	0.2781883447	1.264796463	0.1100864017	0.2200770399
14	42	20	-37.000002	3.599999	-12.599999	0.1453796681	1.036044145	0.09017606813	0.3648727067	1.278219002	0.1112546839	0.1865998735
14	42	21	-37.000002	3.599999	-9.629999	0.2405224683	0.9903036254	0.08619486689	0.3043206759	1.243535069	0.108235835	0.0907775105
14	42	22	-37.000002	3.599999	-6.659999	0.1609718015	0.9767851859	0.08501823777	0.1296016828	1.219698419	0.1061611209	-0.03215795675
14	42	23	-37.000002	3.599999	-3.689999	0.08218766217	1.136431873	0.09891369831	-0.01481775306	1.238789233	0.1078227629	-0.1281237821
14	42	24	-37.000002	3.599999	-0.719999	-0.04792881876	1.182401223	0.1029148167	-0.01849744145	1.356823709	0.1180963454	-0.07501171263
14	42	25	-37.000002	3.599999	2.250001	-0.1669579703	1.341244459	0.1167403458	0.1615322956	1.414305722	0.1230995124	0.1388274021
14	42	26	-37.000002	3.599999	5.220001	-0.1882578084	1.347039415	0.1172447319	0.3657233105	1.360207734	0.1183908869	0.3320551925
14	42	27	-37.000002	3.599999	8.190001	-0.1053854388	1.340630904	0.1166869427	0.3962548427	1.302780598	0.1133924964	0.323626946
14	43	19	-37.000002	6.299999	-15.569999	-0.1206968292	1.225211533	0.1066409759	0.2667456409	1.208083487	0.1051501708	0.213570021
14	43	20	-37.000002	6.299999	-12.599999	0.1148641675	0.9665713433	0.08412923688	0.3469576399	1.196420723	0.1041350575	0.1836908049
14	43	21	-37.000002	6.299999	-9.629999	0.1535309534	1.025224039	0.08923429873	0.2607306626	1.189859296	0.1035639586	0.08922548747
14	43	22	-37.000002	6.299999	-6.659999	0.01581252146	0.8989874856	0.07824681711	0.05457750894	1.245744266	0.1084281209	-0.0368087338
14	43	23	-37.000002	6.299999	-3.689999	-0.06391306957	1.061063808	0.09235375024	-0.04533309619	1.208907904	0.1052219271	-0.09226064747
14	43	24	-37.000002	6.299999	-0.719999	-0.1749326209	1.289989691	0.1122791908	-0.01481693221	1.354596541	0.1179024953	-0.01661745822
14	43	25	-37.000002	6.299999	2.250001	-0.3238117748	1.45516247	0.1266556359	0.1098098108	1.373667365	0.1195623975	0.160244684
14	43	26	-37.000002	6.299999	5.220001	-0.3798114795	1.393756645	0.1213109449	0.2975336395	1.307729056	0.1138232043	0.3536826873
14	44	19	-37.000002	8.999999	-15.569999	-0.2090210305	1.119867972	0.09747199573	0.06953386487	1.153106378	0.1003650277	0.07417177836
14	44	20	-37.000002	8.999999	-12.599999	-0.00854600477	0.9325064041	0.08116426449	0.20915139	1.095560807	0.09535632859	0.1130369436
14	44	21	-37.000002	8.999999	-9.629999	0.07408665438	1.07732515	0.09376911839	0.2035691443	1.118003028	0.09730967323	0.07217156241
14	44	22	-37.000002	8.999999	-6.659999	-0.06239807797	1.0127242	0.08814632743	0.05624568578	1.127282671	0.09811736245	-0.001387926512
14	44	23	-37.000002	8.999999	-3.689999	-0.1686978902	1.043609779	0.09083457201	-0.01876446269	1.166505677	0.1015312869	-0.02287828605
14	44	24	-37.000002	8.999999	-0.719999	-0.2289099811	1.312985922	0.1142807558	0.006565756207	1.325646807	0.1153827444	0.02605827969
14	44	25	-37.000002	8.999999	2.250001	-0.3071683035	1.403022417	0.1221174268	0.1097322183	1.330517307	0.115806667	0.1529569785
14	44	26	-37.000002	8.999999	5.220001	-0.3290123091	1.325211246	0.1153448337	0.2683899648	1.250723459	0.108861504	0.3053920356
14	45	19	-37.000002	11.699999	-15.569999	-0.2160660802	1.14841278	0.09995650243	-0.06059383505	1.228761852	0.1069499915	-0.04002732894
14	45	20	-37.000002	11.699999	-12.599999	0.01287807487	1.060814468	0.09233204803	0.1031097966	1.102452153	0.09595614326	0.008194903534
14	45	21	-37.000002	11.699999	-9.629999	0.1645270489	1.06089576	0.09233912356	0.1486055434	1.111707289	0.09676169952	-0.01657593004
14	45	22	-37.000002	11.699999	-6.659999	0.05184415121	1.142503751	0.09944218741	0.04996671795	1.117970199	0.09730681588	-0.05658925465
14	45	23	-37.000002	11.699999	-3.689999	-0.08421225038	1.099417009	0.09569196792	0.01077624729	1.227050524	0.1068010394	-0.03289896242
14	45	24	-37.000002	11.699999	-0.719999	-0.134274763	1.332792936	0.1160047351	0.07304509274	1.376887331	0.1198426595	0.04492036417
14	45	25	-37.000002	11.699999	2.250001	-0.1861002784	1.358195445	0.1182157397	0.1573499352	1.43424366	0.1248348872	0.143360259
14	46	19	-37.000002	14.399999	-15.569999	-0.3344536318	1.2032016	0.1047252571	-0.2366882237	1.30672837	0.1137361058	-0.1473596989
14	46	20	-37.000002	14.399999	-12.599999	-0.1679611549	1.138592804	0.09910178321	-0.1490148483	1.241943818	0.1080973343	-0.1405626756
14	46	21	-37.000002	14.399999	-9.629999	-0.04997646399	1.019663556	0.08875032082	-0.06797981754	1.233447333	0.1073578103	-0.1187108592
14	46	22	-37.000002	14.399999	-6.659999	0.02266208655	1.103508235	0.09604806347	-0.0934179133	1.158995447	0.1008776054	-0.1731336236
14	46	23	-37.000002	14.399999	-3.689999	0.01323907521	1.036880574	0.09024886987	-0.00561604373	1.173894455	0.1021743976	-0.08993138994
14	46	24	-37.000002	14.399999	-0.719999	-0.01912126977	1.179111002	0.1026284397	0.1730771338	1.371646094	0.1193864684	0.08511765006
14	46	25	-37.000002	14.399999	2.250001	-0.02524979692	1.286805527	0.1120020449	0.2096353132	1.461035726	0.1271668372	0.1207169415
14	47	21	-37.000002	17.099999	-9.629999	-0.4684075547	1.221805871	0.106344551	-0.3785683408	1.40107808	0.121948194	-0.2171118874
14	47	22	-37.000002	17.099999	-6.659999	-0.271780318	1.162445836	0.1011779232	-0.2572856288	1.188022356	0.1034040735	-0.1930990226
14	47	23	-37.000002	17.099999	-3.689999	-0.09217936025	1.10499063	0.09617708936	-0.0744091312	1.140926959	0.09930494531	-0.1062019615
14	47	24	-37.000002	17.099999	-0.719999	-0.05953504446	1.118814332	0.0973802882	0.08814671268	1.257861557	0.1094827957	0.02611556008
14	47	25	-37.000002	17.099999	2.250001	-0.06879182517	1.277241446	0.1111695985	0.09735735955	1.414667545	0.1231310051	0.03842940636
14	48	23	-37.000002	19.799999	-3.689999	-0.3476384214	1.24487299	0.1083522861	-0.09693088038	1.271399466	0.1106611194	-0.0157105034
14	48	24	-37.000002	19.799999	-0.719999	-0.2693183304	1.302102181	0.1133334478	-0.0292802472	1.272843217	0.1107867818	0.0112823987
14	48	25	-37.000002	19.799999	2.250001	-0.3027810403	1.366999344	0.1189820207	0.02888938155	1.433320982	0.1247545784	0.07820918722
14	49	23	-37.000002	22.499999	-3.689999	-0.5067309984	1.340064376	0.1166376327	-0.1548997117	1.381428374	0.1202379066	0.001049265233
14	49	24	-37.000002	22.499999	-0.719999	-0.5101020973	1.35192268	0.1176697656	-0.09128538602	1.237261508	0.1076897916	0.05983225808
15	31	26	-34.300002	-26.100002	5.220001	0.002084319818	1.217913741	0.1060057846	0.01885407307	1.236487183	0.1076223952	-0.06304457632
15	31	27	-34.300002	-26.100002	8.190001	-0.08905049454	1.279575615	0.1113727618	-0.01402396292	1.228999048	0.1069706367	-0.05314751526
15	32	25	-34.300002	-23.400002	2.250001	0.01593247225	1.299409407	0.1130990719	0.07742646814	1.24786874	0.1086130326	-0.01627221079
15	32	26	-34.300002	-23.400002	5.220001	-0.0611866104	1.364665907	0.1187789211	0.0843795889	1.167121877	0.1015849202	0.02343734891
15	32	27	-34.300002	-23.400002	8.190001	-0.1883160707	1.492226711	0.129881664	0.04154305439	1.209558241	0.1052785317	0.03997092286
15	32	28	-34.300002	-23.400002	11.160001	-0.1598218054	1.469352318	0.1278907036	0.04375177225	1.237841401	0.1077402648	0.02960400158
15	32	29	-34.300002	-23.400002	14.130001	-0.0174034943	1.416638039	0.1233025146	-0.01546653522	1.269964821	0.1105362496	-0.0855185948
15	32	30	-34.300002	-23.400002	17.100001	0.07870006539	1.321951084	0.115061073	-0.1687622337	1.3121215	0.1142055175	-0.2653262717
15	33	25	-34.300002	-20.700001	2.250001	0.0002229778999	1.26321023	0.1099483379	0.14902905	1.176384861	0.1023911596	0.0550595738
15	33	26	-34.300002	-20.700001	5.220001	-0.01828141152	1.330808278	0.1158319928	0.1374618919	1.233429744	0.1073562793	0.05266155442
15	33	27	-34.300002	-20.700001	8.190001	-0.1533139879	1.379744957	0.120091384	0.09676632229	1.179701532	0.1026798387	0.07455164193
15	33	28	-34.300002	-20.700001	11.160001	-0.1246580848	1.25863357	0.1095499908	0.0460124163	1.1263382	0.09803515684	0.0163915208
15	33	29	-34.300002	-20.700001	14.130001	-0.007790316785	1.284206754	0.1117758507	-0.07365870888	1.263891901	0.1100076697	-0.1421228498
15	33	30	-34.300002	-20.700001	17.100001	0.0566166342	1.367117091	0.1189922693	-0.2352580513	1.376447234	0.119804354	-0.3156668054
15	33	31	-34.300002	-20.700001	20.070001	0.107605037	1.267954834	0.1103613027	-0.2965810663	1.410012221	0.1227258111	-0.3930354028
15	34	25	-34.300002	-18.000001	2.250001	0.09200878327	1.289306609	0.1122197362	0.11903803	1.188425523	0.1034391647	-0.01176930737
15	34	26	-34.300002	-18.000001	5.220001	0.09004615089	1.320490261	0.1149339247	0.1510356747	1.210354287	0.1053478185	0.01791398965
15	34	27	-34.300002	-18.000001	8.190001	-0.08123014395	1.288408877	0.1121415986	0.1766056645	1.139615359	0.09919078521	0.1152319192
15	34	28	-34.300002	-18.000001	11.160001	-0.0727500348	1.176922546	0.102437959	0.07156889615	1.076065723	0.09365949939	0.01690872154
15	34	29	-34.300002	-18.000001	14.130001	0.0471474184	1.172139056	0.1020216097	-0.1033049069	1.238146832	0.1077668491	-0.192661086
15	34	30	-34.300002	-18.000001	17.100001	0.1100223073	1.287624278	0.112073308	-0.2754703477	1.38290952	0.1203668238	-0.3750614392
15	34	31	-34.300002	-18.000001	20.070001	0.1645129502	1.222843142	0.1064348339	-0.3113034338	1.406771653	0.1224437559	-0.4309806121
15	35	26	-34.300002	-15.300001	5.220001	0.1407469978	1.179129834	0.1026300788	0.04018242588	1.074219961	0.09349884642	-0.1039601772
15	35	28	-34.300002	-15.300001	11.160001	-0.01342484768	1.125732155	0.09798240741	-0.05380904207	1.133563824	0.09866406667	-0.1217933519
15	35	29	-34.300002	-15.300001	14.130001	0.1158190716	1.073461664	0.09343284514	-0.08005868917	1.214111252	0.1056748204	-0.2014954831
15	35	30	-34.300002	-15.300001	17.100001	0.1842883805	1.254327496	0.1091751951	-0.166541364	1.305971862	0.1136702603	-0.3091156891
15	36	28	-34.300002	-12.600001	11.160001	0.04681700605	1.139815019	0.09920816332	-0.0870818618	1.163004595	0.1012265569	-0.1778996749
15	36	29	-34.300002	-12.600001	14.130001	0.1461697231	1.094928796	0.09530131913	0.01789589589	1.316485815	0.1145853824	-0.1263936086
15	36	30	-34.300002	-12.600001	17.100001	0.1869252465	1.138308757	0.09907706008	0.08790380433	1.272316147	0.1107409062	-0.08098597359
15	37	27	-34.300002	-9.900001	8.190001	0.1273070566	1.038104615	0.09035540902	-0.05114383076	1.22261938	0.1064153579	-0.1804231378
15	37	28	-34.300002	-9.900001	11.160001	0.1175279679	1.198028017	0.1042749545	-0.05258193961	1.246011848	0.1084514109	-0.1774780703
15	37	29	-34.300002	-9.900001	14.130001	0.1166061801	1.28396097	0.111754458	0.05585423664	1.393912296	0.1213244926	-0.07936958762
15	37	30	-34.300002	-9.900001	17.100001	0.1034987554	1.115430236	0.0970857404	0.1257138381	1.213078155	0.1055849008	-0.01073679455
15	38	28	-34.300002	-7.200001	11.160001	0.1566098083	1.128763139	0.09824622065	-0.03746599054	1.27681425	0.1111324158	-0.1808061787
15	38	29	-34.300002	-7.200001	14.130001	0.1189813381	1.325006799	0.1153270389	0.04482097318	1.352739685	0.1177408767	-0.09034138193
15	38	30	-34.300002	-7.200001	17.100001	0.1083095008	1.105703868	0.09623916879	0.04981961018	1.220072885	0.1061937139	-0.08120918814
15	39	28	-34.300002	-4.500001	11.160001	0.1809827268	1.084961194	0.09443375072	0.09032337304	1.155218658	0.100548878	-0.07622867169
15	39	29	-34.300002	-4.500001	14.130001	0.1386651701	1.226082402	0.1067167752	0.1287913604	1.229845362	0.1070442989	-0.02321437816
15	39	30	-34.300002	-4.500001	17.100001	0.1658325283	1.184470346	0.1030949107	0.1078941886	1.195529945	0.1040575252	-0.0538259133
15	40	27	-34.300002	-1.800001	8.190001	0.3753681726	1.116110827	0.0971449783	0.2752034619	1.221030634	0.1062770753	0.006062165813
15	40	28	-34.300002	-1.800001	11.160001	0.2445422478	1.167292514	0.1015997723	0.2397566255	1.160733562	0.1010288889	0.03085743407
15	40	29	-34.300002	-1.800001	14.130001	0.1434909739	1.258934778	0.1095762075	0.1902696927	1.163417668	0.1012625102	0.03008917424
15	41	26	-34.300002	0.899999	5.220001	0.09025043551	1.166673672	0.101545909	0.2727476767	1.273427868	0.1108376691	0.1274965935
15	41	27	-34.300002	0.899999	8.190001	0.168688614	1.342538978	0.1168530192	0.3423014869	1.264802017	0.1100868852	0.1561531827
15	41	28	-34.300002	0.899999	11.160001	0.1852166297	1.303213101	0.1134301409	0.298344728	1.3066073	0.113725568	0.1093772879
15	42	20	-34.300002	3.599999	-12.599999	0.210003695	1.057110902	0.09200969397	0.2978911235	1.162249673	0.1011608494	0.09821912902
15	42	25	-34.300002	3.599999	2.250001	-0.1358018135	1.198427955	0.1043097646	0.1423371844	1.297003088	0.1128896286	0.1080197191
15	42	26	-34.300002	3.599999	5.220001	-0.1112703814	1.203940963	0.1047896103	0.2566180785	1.231493239	0.1071877282	0.2003563887
15	42	27	-34.300002	3.599999	8.190001	-0.06687365735	1.38306533	0.1203803853	0.3308417945	1.242852948	0.1081764639	0.2479836844
15	42	28	-34.300002	3.599999	11.160001	0.07800978981	1.337577562	0.1164211834	0.3055422248	1.257209306	0.1094260245	0.1623552326
15	43	19	-34.300002	6.299999	-15.569999	-0.1308869552	1.166949487	0.1015699157	0.2410057772	1.195795686	0.104080655	0.1947957287
15	43	20	-34.300002	6.299999	-12.599999	0.09885634015	1.020133944	0.08879126284	0.25737145	1.145634379	0.09971467367	0.109909386
15	43	21	-34.300002	6.299999	-9.629999	0.08166323557	1.040616505	0.09057404096	0.06753974664	1.10970526	0.09658744519	-0.05368637134
15	43	24	-34.300002	6.299999	-0.719999	-0.0850188871	1.174828566	0.1022557014	0.01141327363	1.214371851	0.1056975026	-0.03197514137
15	43	25	-34.300002	6.299999	2.250001	-0.1898349521	1.267016091	0.1102795956	0.08524546378	1.221279583	0.1062987435	0.08000860593
15	43	26	-34.300002	6.299999	5.220001	-0.2370820383	1.246856641	0.1085249407	0.1947546284	1.22291412	0.1064410117	0.1991738614
15	43	27	-34.300002	6.299999	8.190001	-0.1571496916	1.329242049	0.11569567	0.3229693906	1.272889666	0.1107908247	0.2800401758
15	43	28	-34.300002	6.299999	11.160001	0.02197625147	1.326174261	0.1154286534	0.3154287072	1.314582354	0.1144197073	0.1955637735
15	44	19	-34.300002	8.999999	-15.569999	-0.1909916892	1.112106924	0.09679648324	0.1160481214	1.170167926	0.1018500448	0.108265641
15	44	20	-34.300002	8.999999	-12.599999	0.02661294219	1.034437079	0.090036191	0.1789109285	1.105813566	0.09624871674	0.07054071847
15	44	21	-34.300002	8.999999	-9.629999	0.07750074834	1.107881549	0.09642871154	0.06622921948	0.998629603	0.08691955023	-0.05306210022
15	44	22	-34.300002	8.999999	-6.659999	-0.06946814599	0.9358201302	0.08145268733	0.01848232285	1.043871444	0.09085734704	-0.03234932763
15	44	23	-34.300002	8.999999	-3.689999	-0.09790436339	0.9603966343	0.08359179744	0.01746443709	1.078052447	0.09383242145	-0.02093455535
15	44	24	-34.300002	8.999999	-0.719999	-0.1062182139	1.270939176	0.1106210563	-0.01492528311	1.159530971	0.1009242167	-0.04651452877
15	44	25	-34.300002	8.999999	2.250001	-0.1913152148	1.346467907	0.1171949885	0.07768374213	1.150982587	0.1001801754	0.07383690215
15	44	26	-34.300002	8.999999	5.220001	-0.2727018882	1.292354059	0.1124849826	0.2294217142	1.169976075	0.1018333464	0.2458586711
15	44	27	-34.300002	8.999999	8.190001	-0.1589829079	1.295538157	0.1127621228	0.3040088282	1.315538674	0.1145029444	0.2637503691
15	44	28	-34.300002	8.999999	11.160001	0.01111611528	1.263298155	0.1099559908	0.3246208615	1.297382724	0.1129226717	0.2085562852
15	45	19	-34.300002	11.699999	-15.569999	-0.2350812773	1.188906689	0.1034810448	0.02029668629	1.249190213	0.1087280521	0.04110713876
15	45	20	-34.300002	11.699999	-12.599999	0.03227246121	1.18619707	0.1032452028	0.1092866305	1.16523828	0.1014209742	0.005349890563
15	45	21	-34.300002	11.699999	-9.629999	0.1470891357	1.09375124	0.09519882603	0.04717427328	1.050424572	0.09142772359	-0.1004104246
15	45	22	-34.300002	11.699999	-6.659999	0.009502535644	0.9951228092	0.08661432301	0.03904237162	1.087896053	0.09468919738	-0.04807054351
15	45	23	-34.300002	11.699999	-3.689999	-0.04584866071	1.037652625	0.09031606834	0.06998869332	1.152420353	0.1003053169	0.003818502986
15	45	24	-34.300002	11.699999	-0.719999	-0.03591980532	1.307236312	0.1137803165	0.05287489361	1.278997821	0.1113224713	-0.01590810701
15	45	25	-34.300002	11.699999	2.250001	-0.1082852683	1.31765894	0.1146874898	0.1489545697	1.254754493	0.1092123605	0.1020493304
15	45	26	-34.300002	11.699999	5.220001	-0.2148898025	1.186741024	0.1032925479	0.2969611278	1.234241723	0.107426953	0.2816450816
15	45	27	-34.300002	11.699999	8.190001	-0.13442032	1.15912082	0.1008885177	0.2976434762	1.313043635	0.1142857791	0.2473626533
15	46	19	-34.300002	14.399999	-15.569999	-0.4546604886	1.272068792	0.1107193768	-0.1794758138	1.349436394	0.1174533622	-0.04367702073
15	46	20	-34.300002	14.399999	-12.599999	-0.2228391607	1.258589227	0.1095461312	-0.159919657	1.314151848	0.1143822367	-0.1265896921
15	46	21	-34.300002	14.399999	-9.629999	-0.1033296722	1.095439079	0.09534573354	-0.146667653	1.206632899	0.1050239134	-0.1664764784
15	46	22	-34.300002	14.399999	-6.659999	-0.06224279022	1.014197189	0.08827453466	-0.07559085956	1.08220953	0.0941942491	-0.1202494023
15	46	23	-34.300002	14.399999	-3.689999	-0.006535115211	1.021007174	0.08886726776	0.07420682137	1.127527261	0.09813865134	-0.009429803356
15	46	24	-34.300002	14.399999	-0.719999	0.06129044038	1.13125607	0.09846320244	0.1693390697	1.295973743	0.1128000357	0.04687716899
15	46	25	-34.300002	14.399999	2.250001	0.1240501188	1.235985878	0.1075787622	0.1888553574	1.380831407	0.1201859473	0.03724569031
15	46	26	-34.300002	14.399999	5.220001	-0.009135416977	1.17415807	0.1021973423	0.2268993254	1.317437231	0.1146681925	0.1292847103
15	47	21	-34.300002	17.099999	-9.629999	-0.4692233667	1.283086893	0.1116783793	-0.4469674012	1.386816964	0.1207069232	-0.2783905261
15	47	22	-34.300002	17.099999	-6.659999	-0.2968557104	1.132107336	0.09853729564	-0.264187471	1.14557138	0.09970919032	-0.1884436068
15	47	23	-34.300002	17.099999	-3.689999	-0.07873883501	1.058982159	0.09217256595	-0.01615042204	1.114358566	0.09699246355	-0.05953547327
15	47	24	-34.300002	17.099999	-0.719999	0.05518839734	1.047150856	0.09114278321	0.1169919839	1.228008613	0.1068844304	0.002354989051
15	47	25	-34.300002	17.099999	2.250001	0.1863788371	1.29670916	0.1128640455	0.07977482594	1.397196716	0.1216103646	-0.08807380113
15	47	26	-34.300002	17.099999	5.220001	0.05469266266	1.31465769	0.1144262645	0.09606821565	1.362730975	0.1186105069	-0.01628383308
15	48	22	-34.300002	19.799999	-6.659999	-0.4237404498	1.2381266	0.1077650881	-0.3120153939	1.268852373	0.1104394234	-0.1765137582
15	48	23	-34.300002	19.799999	-3.689999	-0.1758493576	1.146513273	0.09979117158	-0.0734482325	1.214716016	0.1057274583	-0.06905088026
15	48	24	-34.300002	19.799999	-0.719999	-0.08208577219	1.196727675	0.1041617742	0.005412422258	1.216230042	0.1058592374	-0.03865434311
15	48	25	-34.300002	19.799999	2.250001	-0.05542476625	1.387496772	0.1207660929	0.03356904746	1.346670808	0.1172126488	-0.02484531765
15	48	26	-34.300002	19.799999	5.220001	-0.1744450637	1.439560874	0.1252976913	0.09188361965	1.304261781	0.1135214168	0.07931591117
15	49	23	-34.300002	22.499999	-3.689999	-0.2532495527	1.22898789	0.1069696655	-0.1143768457	1.306164103	0.1136869927	-0.07236426824
15	49	24	-34.300002	22.499999	-0.719999	-0.2917695239	1.197980511	0.1042708196	0.01177624062	1.185920032	0.1032210896	0.05801365228
15	49	25	-34.300002	22.499999	2.250001	-0.341308342	1.313135343	0.1142937613	0.09804989196	1.210847945	0.105390786	0.1572359103
15	49	26	-34.300002	22.499999	5.220001	-0.3781056321	1.314276835	0.1143931153	0.1531464636	1.244828994	0.1083484567	0.2228397655
15	50	25	-34.300002	25.199999	2.250001	-0.5122607563	1.285904585	0.111923628	0.08439996822	1.121189119	0.09758698683	0.2190734424
16	31	27	-31.600002	-26.100002	8.190001	0.05985605268	1.244538547	0.1083231765	-0.04987391545	1.186266894	0.1032512801	-0.150027316
16	31	28	-31.600002	-26.100002	11.160001	-0.09872828726	1.236126371	0.1075909906	-0.03670032964	1.241830266	0.1080874509	-0.06938356223
16	31	29	-31.600002	-26.100002	14.130001	-0.0590380896	1.206974989	0.1050536884	-0.08611994039	1.291848498	0.1124409792	-0.1311266406
16	31	30	-31.600002	-26.100002	17.100001	0.1357812879	1.206760535	0.1050350226	-0.1181548868	1.268216646	0.1103840905	-0.244479907
16	32	27	-31.600002	-23.400002	8.190001	-0.03907227037	1.288087456	0.1121136225	-0.008592645938	1.207795311	0.1051250883	-0.06992761261
16	32	28	-31.600002	-23.400002	11.160001	-0.09040206114	1.276345609	0.1110916259	-0.05179457942	1.190673913	0.1036348619	-0.0865954
16	32	29	-31.600002	-23.400002	14.130001	-0.007208119471	1.218320358	0.106041176	-0.1828667749	1.159467678	0.1009187078	-0.2407795897
16	32	30	-31.600002	-23.400002	17.100001	0.08042046792	1.206912921	0.1050482861	-0.2369582162	1.193997023	0.1039241015	-0.3275218052
16	32	31	-31.600002	-23.400002	20.070001	0.1312297215	1.209672156	0.1052884467	-0.2206377196	1.288446238	0.1121448505	-0.3348503682
16	33	27	-31.600002	-20.700001	8.190001	-0.0504966214	1.149668581	0.1000658059	0.006865799367	1.12663999	0.09806142429	-0.05104404208
16	33	28	-31.600002	-20.700001	11.160001	0.0171734525	1.20824651	0.1051643601	-0.07760550092	1.031626131	0.08979152931	-0.1565052512
16	33	29	-31.600002	-20.700001	14.130001	0.05892335838	1.18332629	0.1029953334	-0.190634898	1.117258206	0.09724484478	-0.2764585201
16	33	30	-31.600002	-20.700001	17.100001	0.03245937862	1.183467261	0.1030076033	-0.2835422795	1.195883791	0.1040883235	-0.3486980406
16	33	31	-31.600002	-20.700001	20.070001	0.06047598116	1.18347552	0.1030083222	-0.2649487148	1.233549892	0.1073667368	-0.3440938976
16	34	30	-31.600002	-18.000001	17.100001	0.09223937175	1.125951863	0.09800153047	-0.2767515026	1.220658319	0.1062446694	-0.3685039095
16	35	30	-31.600002	-15.300001	17.100001	0.1381610953	1.156333607	0.1006459219	-0.1584862837	1.110279656	0.09663743996	-0.281853426
16	36	29	-31.600002	-12.600001	14.130001	0.254230211	0.9995148112	0.08699659771	-0.04766220639	1.101882468	0.0959065586	-0.2323288243
16	36	30	-31.600002	-12.600001	17.100001	0.1965270866	1.09591603	0.0953872468	0.06118045758	1.073771449	0.09345980841	-0.1092296539
16	41	28	-31.600002	0.899999	11.160001	0.03757846872	1.188437393	0.1034401978	0.2320239854	1.168283642	0.1016860389	0.1136439418
16	41	29	-31.600002	0.899999	14.130001	-0.03662006722	1.069120947	0.09305503419	0.09021525141	1.179356592	0.1026498155	0.01804190226
16	42	27	-31.600002	3.599999	8.190001	-0.03920535913	1.203727499	0.1047710307	0.2070597971	1.093734649	0.09519738195	0.124448339
16	42	28	-31.600002	3.599999	11.160001	0.0756955386	1.213322438	0.105606163	0.2373175324	1.172701132	0.1020705321	0.1018835413
16	42	29	-31.600002	3.599999	14.130001	0.06666180596	1.130570674	0.09840354638	0.1524619086	1.116197144	0.09715249124	0.02934023805
16	43	19	-31.600002	6.299999	-15.569999	-0.0184177853	1.131475368	0.09848228994	0.1517348842	1.203753816	0.1047733213	0.06558167995
16	43	20	-31.600002	6.299999	-12.599999	0.09458803783	1.106799744	0.09633455249	0.07803171381	1.115897855	0.09712644142	-0.04983747108
16	43	27	-31.600002	6.299999	8.190001	-0.06572236696	1.173965425	0.1021805747	0.1402132515	1.146354129	0.09977731985	0.07571448746
16	43	28	-31.600002	6.299999	11.160001	0.09465792471	1.227562821	0.1068456292	0.2456458119	1.11018789	0.09662945282	0.1011644802
16	44	19	-31.600002	8.999999	-15.569999	-0.1157445711	1.093731025	0.09519706657	0.05219691675	1.142785988	0.09946675305	0.01809866538
16	44	20	-31.600002	8.999999	-12.599999	-0.01621289668	1.163489868	0.1012687945	0.01009851498	1.116770248	0.09720237349	-0.06299898841
16	44	25	-31.600002	8.999999	2.250001	-0.04790381437	1.276565109	0.111110731	-0.03764559416	1.182390972	0.1029139244	-0.09227640784
16	44	26	-31.600002	8.999999	5.220001	-0.1825425001	1.247792924	0.1086064336	0.04699054541	1.186972759	0.1033127178	0.04237567134
16	44	27	-31.600002	8.999999	8.190001	-0.06977786098	1.201940726	0.1046155121	0.1654761409	1.244328701	0.1083049117	0.1002369027
16	44	28	-31.600002	8.999999	11.160001	0.0650433615	1.176161218	0.1023716939	0.2380025686	1.210097796	0.1053254939	0.107120347
16	45	18	-31.600002	11.699999	-18.539999	-0.2343762687	1.05765338	0.09205691058	-0.0796762139	1.172002977	0.1020097655	-0.04928131761
16	45	19	-31.600002	11.699999	-15.569999	-0.2347811523	1.161530759	0.1010982759	-0.0406735749	1.222783479	0.1064296409	-0.01396157137
16	45	20	-31.600002	11.699999	-12.599999	-0.07417475054	1.265875413	0.1101803123	-0.05018220505	1.084416151	0.0943863108	-0.09217984805
16	45	21	-31.600002	11.699999	-9.629999	-0.04151357971	1.151264704	0.1002047306	-0.04098207271	1.090304295	0.094898808	-0.09805407182
16	45	22	-31.600002	11.699999	-6.659999	-0.05493555913	0.9846743465	0.08570490106	0.01630239943	1.050246241	0.09141220194	-0.04061595414
16	45	24	-31.600002	11.699999	-0.719999	0.1176005112	1.198918661	0.1043524751	-0.1007766107	1.145865629	0.09973480136	-0.2209363668
16	45	25	-31.600002	11.699999	2.250001	-0.01268566882	1.229623046	0.1070249487	0.06643619896	1.122749978	0.09772284222	-0.01376437235
16	45	26	-31.600002	11.699999	5.220001	-0.15639442	1.097035598	0.09548469273	0.2326542083	1.168843892	0.1017348024	0.1983322146
16	45	27	-31.600002	11.699999	8.190001	-0.0492943679	1.054237805	0.09175962298	0.2602564289	1.321166977	0.1149928253	0.1767576085
16	45	28	-31.600002	11.699999	11.160001	0.05734357808	1.117205974	0.09724029856	0.2639565718	1.348234614	0.1173487606	0.1338459273
16	46	19	-31.600002	14.399999	-15.569999	-0.5185863065	1.254893882	0.1092244928	-0.176442816	1.359572105	0.1183355625	-0.01322130642
16	46	20	-31.600002	14.399999	-12.599999	-0.3926984787	1.285691018	0.1119050394	-0.2361463946	1.234523758	0.107451501	-0.1216123772
16	46	21	-31.600002	14.399999	-9.629999	-0.312592313	1.200877648	0.1045229831	-0.1445938078	1.2049345	0.1048760867	-0.07385667843
16	46	22	-31.600002	14.399999	-6.659999	-0.1851852209	1.047148337	0.09114256399	-0.01973283601	1.074983873	0.09356533641	-0.01660078395
16	46	24	-31.600002	14.399999	-0.719999	0.129822779	1.143311627	0.09951250405	0.05591228377	1.187204595	0.1033328965	-0.08504893731
16	46	25	-31.600002	14.399999	2.250001	0.1792367225	1.165899043	0.1014784863	0.1508755832	1.242967202	0.1081864085	-0.02090961957
16	46	26	-31.600002	14.399999	5.220001	0.0631414744	1.082883864	0.09425294234	0.2377711596	1.248051358	0.1086289274	0.1077366241
16	46	27	-31.600002	14.399999	8.190001	0.02528454893	1.136996364	0.09896283096	0.2546882659	1.249724714	0.1087745744	0.1393975905
16	47	21	-31.600002	17.099999	-9.629999	-0.5537974269	1.378158015	0.1199532584	-0.3399036313	1.442707344	0.1255715564	-0.1452411233
16	47	22	-31.600002	17.099999	-6.659999	-0.3335999927	1.247591	0.1085888584	-0.1758503888	1.209276138	0.1052539778	-0.09291066823
16	47	23	-31.600002	17.099999	-3.689999	-0.08647227808	1.19114469	0.1036758378	-0.04139745248	1.16428246	0.1013377808	-0.0789310795
16	47	24	-31.600002	17.099999	-0.719999	0.1111033253	1.043865231	0.09085680624	0.06108625463	1.16775454	0.1016399865	-0.07226873818
16	47	25	-31.600002	17.099999	2.250001	0.3086467843	1.124605159	0.09788431495	0.08227728762	1.295350638	0.1127458014	-0.1388429552
16	47	26	-31.600002	17.099999	5.220001	0.1980875697	1.213812144	0.1056487864	0.1308365762	1.337528895	0.1164169474	-0.0471412582
16	47	27	-31.600002	17.099999	8.190001	-0.0300579752	1.320528946	0.1149372917	0.2138147384	1.291755468	0.1124328819	0.1265680687
16	48	22	-31.600002	19.799999	-6.659999	-0.3685166071	1.260191399	0.1096855824	-0.2554432586	1.297262142	0.1129121764	-0.1494872022
16	48	23	-31.600002	19.799999	-3.689999	-0.1428207034	1.132882504	0.0986047654	-0.1599028041	1.196295329	0.1041241434	-0.1612761827
16	48	24	-31.600002	19.799999	-0.719999	-0.003241599731	1.073976934	0.09347769363	-0.055046695	1.120833652	0.09755604741	-0.1273247438
16	48	25	-31.600002	19.799999	2.250001	0.1333143123	1.160710767	0.1010269047	0.03929806349	1.245137269	0.1083752886	-0.1015337113
16	48	26	-31.600002	19.799999	5.220001	0.0004840556843	1.358309284	0.1182256481	0.0927711024	1.342715356	0.1168683709	0.004253927991
16	48	27	-31.600002	19.799999	8.190001	-0.2555223329	1.436281878	0.1250122913	0.1848365369	1.414551604	0.1231209137	0.1982339726
16	49	23	-31.600002	22.499999	-3.689999	-0.1555628941	1.199493482	0.1044025069	-0.1498807996	1.249101575	0.1087203372	-0.1467197244
16	49	24	-31.600002	22.499999	-0.719999	-0.1586878092	1.131726573	0.0985041545	-0.02014825846	1.118268689	0.09733279609	-0.02846626556
16	49	25	-31.600002	22.499999	2.250001	-0.1912118318	1.196885271	0.1041754912	0.09012108448	1.192661759	0.1038078816	0.08499900065
16	49	26	-31.600002	22.499999	5.220001	-0.2871443859	1.354649178	0.1179070768	0.1328366426	1.296946194	0.1128846766	0.1650919226
16	50	24	-31.600002	25.199999	-0.719999	-0.3214410286	1.256984891	0.1094064917	-0.03916228791	1.206849266	0.1050427457	0.02498207244
16	50	25	-31.600002	25.199999	2.250001	-0.4160961016	1.293894639	0.1126190729	0.04695707332	1.171278204	0.1019466821	0.1436309109
16	50	26	-31.600002	25.199999	5.220001	-0.4668679429	1.297746461	0.1129543309	0.122506234	1.268073015	0.110371589	0.233724364
17	44	19	-28.900002	8.999999	-15.569999	0.004126870031	1.020459534	0.08881960182	-0.05445335045	1.134466431	0.09874262857	-0.1299855889
17	45	19	-28.900002	11.699999	-15.569999	-0.1634900269	1.078400799	0.09386274164	-0.06240658863	1.16842759	0.101698568	-0.06446145351
17	45	20	-28.900002	11.699999	-12.599999	-0.1859171673	1.141225939	0.09933096816	-0.1121860416	1.130425322	0.09839089518	-0.09959029352
17	45	27	-28.900002	11.699999	8.190001	0.07704974005	0.9726640656	0.08465954029	0.2168781636	1.221566138	0.1063236849	0.08287893423
17	45	28	-28.900002	11.699999	11.160001	0.1604054359	1.05761404	0.09205348647	0.1826378658	1.23599049	0.1075791636	0.01587704379
17	46	19	-28.900002	14.399999	-15.569999	-0.4076431791	1.197109608	0.1041950172	-0.08384129222	1.288256374	0.1121283249	0.02210646648
17	46	20	-28.900002	14.399999	-12.599999	-0.4517132754	1.213938299	0.1056597668	-0.1526686154	1.205353914	0.104912592	-0.02079994324
17	46	21	-28.900002	14.399999	-9.629999	-0.3328413552	1.235034079	0.1074959188	-0.02545528431	1.187829673	0.1033873026	0.04227705039
17	46	27	-28.900002	14.399999	8.190001	0.09981764854	1.096103876	0.09540359671	0.2668228538	1.257686736	0.1094675794	0.1180088836
17	46	28	-28.900002	14.399999	11.160001	0.02838384089	1.153689874	0.1004158145	0.2762970406	1.221813289	0.1063451967	0.1575245653
17	47	21	-28.900002	17.099999	-9.629999	-0.5538474716	1.391802395	0.1211408493	-0.1774904861	1.332265069	0.1159587901	0.001126409183
17	47	22	-28.900002	17.099999	-6.659999	-0.2369475383	1.248973323	0.1087091742	-0.04169703049	1.190817244	0.1036473372	-0.01394427931
17	47	26	-28.900002	17.099999	5.220001	0.2302823068	1.183657978	0.1030242031	0.08958281683	1.202849653	0.104694624	-0.09827575884
17	47	27	-28.900002	17.099999	8.190001	0.02159133374	1.203273651	0.1047315283	0.2061523065	1.24806587	0.1086301906	0.09726486873
17	47	28	-28.900002	17.099999	11.160001	-0.2019777935	1.242677174	0.1081611648	0.2739697664	1.22852288	0.1069291916	0.2553286623
17	48	22	-28.900002	19.799999	-6.659999	-0.2839049929	1.228957958	0.1069670603	-0.1686083569	1.30080788	0.1132207933	-0.1079363561
17	48	23	-28.900002	19.799999	-3.689999	-0.1126518101	1.100715807	0.09580501375	-0.1077121993	1.181876405	0.1028691371	-0.1273320958
17	48	24	-28.900002	19.799999	-0.719999	0.008659986737	1.079384331	0.09394834706	0.0250678932	1.170311602	0.1018625502	-0.0602971565
17	48	25	-28.900002	19.799999	2.250001	0.19084894	1.018462142	0.08864575114	0.09180362145	1.229943912	0.1070528766	-0.07917355185
17	48	26	-28.900002	19.799999	5.220001	0.1156540171	1.14968128	0.1000669111	0.07690503173	1.262561374	0.1098918623	-0.05998839419
17	48	27	-28.900002	19.799999	8.190001	-0.1833565851	1.293288806	0.1125663419	0.1756552469	1.341508823	0.1167633556	0.1586647906
17	48	28	-28.900002	19.799999	11.160001	-0.3986008218	1.317618388	0.1146839602	0.2823440239	1.360495392	0.1184159244	0.348144151
17	49	22	-28.900002	22.499999	-6.659999	-0.2822991187	1.208596252	0.1051948013	-0.1110445428	1.375538464	0.1197252557	-0.05676367416
17	49	23	-28.900002	22.499999	-3.689999	-0.1423142375	1.223366766	0.1064804095	-0.0755274474	1.274195007	0.11090444	-0.08546760687
17	49	24	-28.900002	22.499999	-0.719999	-0.1153880359	1.079918255	0.0939948192	0.03466016226	1.233935451	0.1074002955	0.002142179687
17	49	25	-28.900002	22.499999	2.250001	-0.09144772591	1.103446025	0.09604264879	0.1096008211	1.267978678	0.110363378	0.05928684346
17	49	26	-28.900002	22.499999	5.220001	-0.169644215	1.212530941	0.105537272	0.1193595775	1.243319059	0.1082170337	0.1019917208
17	49	27	-28.900002	22.499999	8.190001	-0.3702940379	1.279007002	0.1113232705	0.1698065376	1.380511051	0.1201580639	0.2344640195
17	50	24	-28.900002	25.199999	-0.719999	-0.240963453	1.112155389	0.09680070155	-0.03627990823	1.23033278	0.1070867232	-0.007321480385
17	50	25	-28.900002	25.199999	2.250001	-0.3015914353	1.158722265	0.1008538279	0.004021547678	1.219084955	0.1061077257	0.05528559791
17	50	26	-28.900002	25.199999	5.220001	-0.3565279103	1.209451664	0.1052692553	0.1164609124	1.237225165	0.1076866283	0.1804258369
17	50	27	-28.900002	25.199999	8.190001	-0.3859512846	1.145125607	0.09967039073	0.1512486455	1.341761971	0.1167853894	0.2245321272
