i	j	k	mni_x_mm	mni_y_mm	mni_z_mm	tg_mean_cope_recip_gt_nonrecip	tg_sd_cope_recip_gt_nonrecip	tg_sem_cope_recip_gt_nonrecip	ug_mean_cope_fairness_pmod	ug_sd_cope_fairness_pmod	ug_sem_cope_fairness_pmod	signed_odr_residual
11	40	24	-45.100003	-1.800001	-0.719999	56.6278777	367.8551141	32.01767799	-1.330647831	13.22664515	1.151231692	-2.4067025
11	40	25	-45.100003	-1.800001	2.250001	52.25474097	363.5704922	31.64474953	-0.135971048	12.39407396	1.078765672	-1.173481616
11	41	24	-45.100003	0.899999	-0.719999	30.07334751	341.5532958	29.72839856	-0.5696702017	12.91149058	1.123801008	-1.411424827
11	42	23	-45.100003	3.599999	-3.689999	-1.884893748	350.8308014	30.53590177	0.3625725829	15.52573721	1.35134197	-0.1972037767
11	43	22	-45.100003	6.299999	-6.659999	-57.7928082	328.8701123	28.62446913	1.948778764	15.7015072	1.366640784	1.882298396
11	43	23	-45.100003	6.299999	-3.689999	-21.23874248	370.3122032	32.23154015	1.174512413	15.96539153	1.389608967	0.7854919106
11	44	22	-45.100003	8.999999	-6.659999	-48.55159775	392.2611537	34.14195108	1.625476676	16.89537029	1.470553229	1.477460106
12	35	24	-42.400002	-15.300001	-0.719999	-8.627023161	341.58845	29.73145834	-1.209064292	14.41262103	1.254457643	-1.709283734
12	35	25	-42.400002	-15.300001	2.250001	-23.24784799	336.2898662	29.27027581	-1.202538817	13.44212246	1.169986584	-1.573737473
12	35	26	-42.400002	-15.300001	5.220001	-27.91605417	288.4664494	25.10778166	-2.332320372	13.53611602	1.178167674	-2.662280589
12	35	27	-42.400002	-15.300001	8.190001	-6.679217445	262.9835638	22.88978117	-1.703813889	11.09692683	0.9658635057	-2.221202422
12	36	24	-42.400002	-12.600001	-0.719999	7.903833165	312.1171129	27.1663077	-0.7518274924	12.1867307	1.060718757	-1.397940795
12	36	25	-42.400002	-12.600001	2.250001	3.477967777	330.8742416	28.79890619	-0.9168930094	11.76838117	1.024306105	-1.523943966
12	36	26	-42.400002	-12.600001	5.220001	-14.67880297	294.4767751	25.63091337	-1.657311815	11.77710027	1.025065005	-2.10411005
12	36	27	-42.400002	-12.600001	8.190001	-10.8915503	234.3256705	20.39543172	-1.347690841	9.741076007	0.8478518389	-1.827921632
12	37	22	-42.400002	-9.900001	-6.659999	-62.63213045	358.1820246	31.17574362	0.3411731679	14.07246458	1.224850824	0.3174598518
12	37	23	-42.400002	-9.900001	-3.689999	-11.01042695	328.1774438	28.56418008	0.237496313	12.4168047	1.080744128	-0.2417471762
12	37	24	-42.400002	-9.900001	-0.719999	20.62659067	315.8339336	27.48981541	-0.09671781782	10.88982483	0.9478375905	-0.855128229
12	37	25	-42.400002	-9.900001	2.250001	25.08270345	314.1344458	27.34189399	-0.03192873457	10.81181931	0.9410480811	-0.8296645051
12	37	26	-42.400002	-9.900001	5.220001	4.623801466	262.6383918	22.85973781	-0.2471643305	10.35158686	0.9009899877	-0.8643527394
12	37	27	-42.400002	-9.900001	8.190001	-12.29146352	233.4693159	20.32089563	-0.2935201584	9.627388364	0.8379565997	-0.7614385021
12	38	22	-42.400002	-7.200001	-6.659999	-75.28248585	356.8317474	31.05821708	0.6365123758	13.48100665	1.173371019	0.7244202508
12	38	23	-42.400002	-7.200001	-3.689999	-26.6798527	351.7266778	30.61387781	0.03105249177	12.46996572	1.085371202	-0.3099085709
12	38	24	-42.400002	-7.200001	-0.719999	7.702046164	368.2071111	32.0483154	0.1421169782	11.3341877	0.9865144137	-0.502250468
12	38	25	-42.400002	-7.200001	2.250001	28.03295089	297.0340737	25.85349764	0.1442822383	11.36683061	0.9893556143	-0.6794947653
12	38	26	-42.400002	-7.200001	5.220001	10.24512204	250.5845976	21.81058968	0.3151323314	10.21176988	0.8888204823	-0.3516831499
12	38	27	-42.400002	-7.200001	8.190001	-3.103408979	244.5138758	21.28220117	0.6381347842	10.20484567	0.8882178071	0.08910044714
12	39	21	-42.400002	-4.500001	-9.629999	-95.97502607	345.9956882	30.11505919	0.3729842287	12.79077396	1.113293974	0.6435030794
12	39	22	-42.400002	-4.500001	-6.659999	-61.4597653	341.7769004	29.74786084	0.4780382333	11.88892466	1.034798068	0.4439740864
12	39	23	-42.400002	-4.500001	-3.689999	-15.29007639	339.2196467	29.52528048	-0.4949780811	11.75188406	1.022870215	-0.9364274093
12	39	24	-42.400002	-4.500001	-0.719999	32.26900889	370.729806	32.26788781	-0.7230258174	11.18582505	0.9736011023	-1.584150021
12	39	25	-42.400002	-4.500001	2.250001	57.81421215	299.1212748	26.03516519	-0.8033346641	10.78426695	0.9386499556	-1.889878638
12	39	26	-42.400002	-4.500001	5.220001	31.95907606	265.9406831	23.14716537	0.8317078964	10.34219357	0.9001724071	-0.02674184959
12	39	27	-42.400002	-4.500001	8.190001	29.82337941	264.5479152	23.02594049	1.997095246	9.931322752	0.8644106926	1.157446517
12	40	21	-42.400002	-1.800001	-9.629999	-97.51331323	375.4909969	32.68229628	0.4802663173	14.69264917	1.278830964	0.7643555608
12	40	22	-42.400002	-1.800001	-6.659999	-43.2186345	350.810093	30.53409934	0.8736717773	13.10888041	1.140981587	0.6786239015
12	40	23	-42.400002	-1.800001	-3.689999	11.38490483	319.8994265	27.84367115	0.09650893464	12.31767319	1.072115838	-0.5803560141
12	40	24	-42.400002	-1.800001	-0.719999	66.77160926	306.51909	26.67906234	-0.6685056676	10.73718938	0.9345523797	-1.83409918
12	40	25	-42.400002	-1.800001	2.250001	72.53276026	293.6453938	25.55855092	-0.1070807048	10.10994732	0.879957966	-1.323535185
12	40	26	-42.400002	-1.800001	5.220001	53.84391023	281.9366992	24.53943987	2.120431521	9.314094344	0.8106878554	1.068809519
12	40	27	-42.400002	-1.800001	8.190001	59.91244866	280.1085581	24.3803206	2.773157045	9.09487322	0.7916071057	1.667957988
12	41	21	-42.400002	0.899999	-9.629999	-76.40684539	412.3047598	35.88652306	0.6056538432	17.60846068	1.53261978	0.7034847976
12	41	22	-42.400002	0.899999	-6.659999	-53.85363626	334.9265924	29.15161806	0.6626928925	15.80436338	1.375593266	0.5615014929
12	41	23	-42.400002	0.899999	-3.689999	-8.057938688	272.3192331	23.70234689	0.1929440224	13.00006044	1.131510024	-0.3123518783
12	41	24	-42.400002	0.899999	-0.719999	36.4077521	261.4772878	22.75867668	-0.03482224551	11.16154569	0.9714878555	-0.9324954633
12	41	25	-42.400002	0.899999	2.250001	33.77987646	285.9267387	24.88672822	1.153827086	10.85676431	0.9449600411	0.2792971979
12	41	26	-42.400002	0.899999	5.220001	26.89428762	289.7989286	25.22375909	2.830039082	10.43970497	0.9086596855	2.016205605
12	42	21	-42.400002	3.599999	-9.629999	-58.35049857	379.4241816	33.02463608	0.7334439837	15.92045741	1.385697954	0.671932259
12	42	22	-42.400002	3.599999	-6.659999	-53.37656568	295.4165742	25.71271238	1.168759408	13.38167511	1.164725318	1.063338409
12	42	23	-42.400002	3.599999	-3.689999	-21.72560533	273.823904	23.83331168	0.4788271762	12.4390093	1.08267679	0.09413006807
12	42	24	-42.400002	3.599999	-0.719999	-13.11175778	297.9332341	25.93175951	0.8235018326	11.46333244	0.9977550207	0.3627786588
12	42	25	-42.400002	3.599999	2.250001	-36.0801704	302.8838331	26.36265384	2.063007415	10.8097058	0.9408641233	1.804920064
12	43	21	-42.400002	6.299999	-9.629999	-67.62618995	337.2303785	29.3521369	0.7928796135	13.63784656	1.18702218	0.8132186414
12	43	22	-42.400002	6.299999	-6.659999	-50.61688449	264.4962437	23.02144305	1.468661404	11.92545166	1.037977336	1.338876002
12	43	23	-42.400002	6.299999	-3.689999	-34.72277685	322.5694579	28.07606756	1.051400363	12.49650439	1.087681096	0.7813741205
12	43	24	-42.400002	6.299999	-0.719999	-59.94952992	362.2376183	31.52873774	1.555518206	12.15464293	1.057925875	1.508085078
12	44	21	-42.400002	8.999999	-9.629999	-52.17741959	314.6574203	27.38741308	1.089573955	13.38479632	1.164996984	0.9735742088
12	44	22	-42.400002	8.999999	-6.659999	-37.26982765	292.4464262	25.45419418	0.9236867652	12.52730085	1.090361583	0.6761418702
12	44	23	-42.400002	8.999999	-3.689999	-60.46172445	373.6727597	32.52403905	0.7325159644	14.00204614	1.218721686	0.6896347267
12	44	24	-42.400002	8.999999	-0.719999	-82.85782095	380.4832078	33.11681247	1.569966584	12.7113734	1.106383043	1.724686437
12	45	21	-42.400002	11.699999	-9.629999	-32.5665991	329.1957292	28.65281044	0.4612957596	14.8103878	1.289078796	0.1722653659
12	45	22	-42.400002	11.699999	-6.659999	-36.77586964	337.6817351	29.39142245	-0.6748679264	14.57875452	1.268917707	-0.9267094974
12	45	23	-42.400002	11.699999	-3.689999	-72.14725885	402.6630152	35.04731691	-0.2935654705	15.89460405	1.383447708	-0.2332881004
12	46	21	-42.400002	14.399999	-9.629999	-64.57983712	414.4116104	36.06990087	-1.10275351	16.9103363	1.471855852	-1.109223124
12	46	22	-42.400002	14.399999	-6.659999	-79.16496816	360.0311719	31.33669123	-2.809157838	17.14586366	1.492355878	-2.68685495
12	46	23	-42.400002	14.399999	-3.689999	-97.16111124	380.8853422	33.15181378	-1.21378972	17.61211477	1.532937828	-0.9327425125
12	47	22	-42.400002	17.099999	-6.659999	-187.5436803	401.4984033	34.94595046	-4.474393057	18.90488531	1.645459061	-3.39564056
12	47	23	-42.400002	17.099999	-3.689999	-200.3846335	381.433348	33.19951156	-2.446319541	18.82475882	1.638484945	-1.254331395
13	34	24	-39.700002	-18.000001	-0.719999	2.373278974	375.7672027	32.70633691	-0.3710365651	13.85625934	1.206032573	-0.9683604811
13	34	25	-39.700002	-18.000001	2.250001	11.67424959	370.054409	32.20910204	-0.6878015503	12.57878092	1.094842349	-1.367189275
13	34	26	-39.700002	-18.000001	5.220001	11.72230648	303.6800228	26.43195327	-1.570072958	12.519729	1.089702539	-2.249850407
13	34	27	-39.700002	-18.000001	8.190001	1.502076033	263.256968	22.91357795	-0.3525654542	11.26395154	0.9804011404	-0.9422021845
13	34	28	-39.700002	-18.000001	11.160001	-28.20234925	260.2797032	22.65444031	0.3542690815	9.516508643	0.8283057588	0.02673066013
13	35	23	-39.700002	-15.300001	-3.689999	-49.76292996	361.0905465	31.42889796	0.3138172935	14.7795029	1.286390611	0.1765411599
13	35	24	-39.700002	-15.300001	-0.719999	-1.521094532	311.4924001	27.11193343	0.7339155331	12.37720937	1.077297797	0.1709143792
13	35	25	-39.700002	-15.300001	2.250001	9.285310655	334.7734804	29.13829137	-0.03777123777	10.95979821	0.9539279914	-0.6961031509
13	35	26	-39.700002	-15.300001	5.220001	13.76727908	284.5423244	24.76623043	-1.209436947	10.28012912	0.8947703902	-1.907274239
13	35	27	-39.700002	-15.300001	8.190001	4.876222045	234.4743899	20.40837609	-0.2942709544	9.845361018	0.856928684	-0.9136850071
13	35	28	-39.700002	-15.300001	11.160001	-22.68190767	217.3073103	18.9141736	0.1764457899	8.451197472	0.7355823229	-0.1998006827
13	36	22	-39.700002	-12.600001	-6.659999	-62.56023936	356.885694	31.06291253	0.7085018422	13.64237842	1.187416629	0.6841398229
13	36	23	-39.700002	-12.600001	-3.689999	-40.33069463	315.2151023	27.43595307	0.5097946816	12.23365367	1.064802878	0.2892764331
13	36	24	-39.700002	-12.600001	-0.719999	20.66599657	258.8825363	22.53283255	1.489635697	10.63841676	0.9259553261	0.7308157824
13	36	25	-39.700002	-12.600001	2.250001	31.69881215	277.3929128	24.14395402	0.9325141552	9.769878224	0.8503587501	0.07635717543
13	36	26	-39.700002	-12.600001	5.220001	26.02084177	245.9884936	21.41055018	-0.2189364631	9.866977565	0.8588101629	-1.024943526
13	36	27	-39.700002	-12.600001	8.190001	13.80540556	205.6396431	17.89863352	-0.006900902838	9.233083966	0.803636807	-0.705121463
13	36	28	-39.700002	-12.600001	11.160001	-12.19607777	212.6286239	18.50694622	0.3684787869	8.809096715	0.7667334536	-0.1003070615
13	37	21	-39.700002	-9.900001	-9.629999	-63.65914281	332.7863092	28.96533032	0.6438110547	10.28140907	0.8948817956	0.6291487954
13	37	22	-39.700002	-9.900001	-6.659999	-57.48171256	337.1956134	29.34911099	0.7968516508	12.57537892	1.094546242	0.7276708805
13	37	23	-39.700002	-9.900001	-3.689999	-25.23660525	285.4177427	24.84242581	0.8471626483	11.01168708	0.9584443377	0.4934339145
13	37	24	-39.700002	-9.900001	-0.719999	20.79221395	245.5207462	21.36983799	1.322309173	10.01325833	0.8715422695	0.5623819721
13	37	25	-39.700002	-9.900001	2.250001	27.21906167	241.2403581	20.99727803	1.004129005	9.044389216	0.7872130371	0.1875006634
13	37	26	-39.700002	-9.900001	5.220001	25.04293485	236.480606	20.58299478	0.5114236232	9.509620694	0.8277062397	-0.2859823666
13	37	27	-39.700002	-9.900001	8.190001	18.3584368	226.4012601	19.70570033	0.349157139	9.119373792	0.7937396068	-0.3892553755
13	37	28	-39.700002	-9.900001	11.160001	-3.522634819	223.0030791	19.40992664	0.7022769623	9.200986697	0.8008430983	0.1569395739
13	38	20	-39.700002	-7.200001	-12.599999	-59.9289121	285.3195803	24.83388187	0.1481526502	10.20922726	0.8885991757	0.1005923785
13	38	21	-39.700002	-7.200001	-9.629999	-61.2440977	338.4501751	29.45830657	0.6151866264	10.62598965	0.9248736854	0.5792139869
13	38	22	-39.700002	-7.200001	-6.659999	-41.23756315	296.8945199	25.84135105	1.053670367	10.59641074	0.9222991714	0.8411335769
13	38	23	-39.700002	-7.200001	-3.689999	-23.32096755	269.4927188	23.45633039	1.456107874	9.43267558	0.8210090272	1.085450941
13	38	24	-39.700002	-7.200001	-0.719999	9.467474457	254.7588555	22.1739122	1.29201109	9.167691083	0.7979450871	0.6320199005
13	38	25	-39.700002	-7.200001	2.250001	26.57503169	223.7160874	19.47198605	0.6427202804	8.732539947	0.7600700423	-0.1682107653
13	38	26	-39.700002	-7.200001	5.220001	31.68554952	225.8343285	19.65635527	0.7054811262	8.819987387	0.767681365	-0.150549978
13	38	27	-39.700002	-7.200001	8.190001	33.96521301	226.4145677	19.70685861	0.6360864847	9.30684805	0.8100571464	-0.2400587413
13	38	28	-39.700002	-7.200001	11.160001	25.50712295	254.5127604	22.15249237	0.9294157983	9.653241851	0.8402068569	0.1278973191
13	39	20	-39.700002	-4.500001	-12.599999	-67.35985697	311.5121074	27.11364873	0.2004226005	10.98292431	0.9559408597	0.2184344489
13	39	21	-39.700002	-4.500001	-9.629999	-52.15938067	304.616173	26.51343468	0.5183821004	9.880690174	0.8600036924	0.4022454109
13	39	22	-39.700002	-4.500001	-6.659999	-20.78239461	286.1818472	24.90893257	1.016707572	9.615663707	0.8369360992	0.6236661857
13	39	23	-39.700002	-4.500001	-3.689999	-1.247363503	276.1937012	24.03957604	1.762117772	9.182471834	0.7992315864	1.196661052
13	39	24	-39.700002	-4.500001	-0.719999	32.48116964	273.5188892	23.80676354	1.302005708	9.444430931	0.8220321992	0.438930451
13	39	25	-39.700002	-4.500001	2.250001	56.18098822	241.6674898	21.03445507	0.4944848057	8.906059177	0.7751729527	-0.5776973642
13	39	26	-39.700002	-4.500001	5.220001	47.74764529	223.1790836	19.42524586	0.9868695245	8.831248742	0.7686615401	-0.01091202943
13	39	27	-39.700002	-4.500001	8.190001	60.3916117	217.8775559	18.96380711	1.478813144	8.802891761	0.7661933817	0.3694361246
13	39	28	-39.700002	-4.500001	11.160001	82.32379708	255.5066525	22.23899957	1.763647915	9.732509328	0.8471062052	0.460719878
13	40	19	-39.700002	-1.800001	-15.569999	-86.57292839	297.140949	25.86279995	-0.5170301494	12.3347859	1.073605308	-0.3294451802
13	40	20	-39.700002	-1.800001	-12.599999	-68.37278349	302.1204923	26.29621356	0.7502682328	12.09562823	1.052789305	0.7771972125
13	40	21	-39.700002	-1.800001	-9.629999	-39.70051302	299.4113204	26.06041041	1.239396546	10.96963611	0.9547842705	1.01328887
13	40	22	-39.700002	-1.800001	-6.659999	-4.237608949	309.171276	26.90990551	1.648927454	9.639866867	0.839042714	1.109862475
13	40	23	-39.700002	-1.800001	-3.689999	27.12217365	287.5565644	25.02858634	1.918817652	9.531533747	0.8296135262	1.103008681
13	40	24	-39.700002	-1.800001	-0.719999	62.9388804	251.393536	21.88099874	1.32240085	9.611986901	0.8366160744	0.1905516223
13	40	25	-39.700002	-1.800001	2.250001	74.73252628	241.2851601	21.00117754	0.9105746885	8.370375231	0.7285476498	-0.3253311864
13	40	26	-39.700002	-1.800001	5.220001	65.86270918	239.2739709	20.82612599	1.969358118	8.555771423	0.7446843171	0.8116824593
13	40	27	-39.700002	-1.800001	8.190001	82.64527232	239.1303113	20.81362203	2.43064886	8.521996762	0.7417446102	1.124858003
13	40	28	-39.700002	-1.800001	11.160001	114.4702959	257.0388551	22.37236069	2.112332225	9.16553416	0.797757351	0.5257147739
13	41	19	-39.700002	0.899999	-15.569999	-92.71149206	306.1060881	26.64311515	0.4760533785	13.67793985	1.190511854	0.7177692559
13	41	20	-39.700002	0.899999	-12.599999	-54.90185798	327.1024393	28.47061295	1.861277932	13.52673782	1.177351406	1.769289866
13	41	21	-39.700002	0.899999	-9.629999	-14.11831168	326.1934512	28.39149569	2.074413735	13.41749033	1.167842633	1.62252416
13	41	22	-39.700002	0.899999	-6.659999	-2.665889455	287.4781449	25.0217608	1.65928578	11.08201131	0.9645652757	1.106350805
13	41	23	-39.700002	0.899999	-3.689999	9.462783736	240.3531472	20.92005623	0.9783676209	9.663742516	0.8411208225	0.318430037
13	41	24	-39.700002	0.899999	-0.719999	29.45271284	216.4045745	18.83560053	0.5681828132	9.735787101	0.8473914987	-0.2681393432
13	41	25	-39.700002	0.899999	2.250001	35.57555987	236.7285556	20.60457602	1.276513247	9.651154534	0.8400251793	0.3861326263
13	41	26	-39.700002	0.899999	5.220001	35.02688786	271.4190358	23.62399477	2.950141064	10.04560556	0.8743577339	2.064537018
13	42	20	-39.700002	3.599999	-12.599999	-15.40601008	358.7294759	31.22339315	2.278295931	14.02245782	1.220498294	1.837761675
13	42	21	-39.700002	3.599999	-9.629999	15.71806848	306.8931822	26.71162289	2.074932635	12.87052028	1.120235001	1.359752778
13	42	22	-39.700002	3.599999	-6.659999	0.1074375194	235.5108812	20.49859108	0.9545775582	9.959285792	0.8668445628	0.3771968792
13	42	23	-39.700002	3.599999	-3.689999	-9.120514384	227.2222244	19.7771561	-0.2730702442	10.08987664	0.8782110374	-0.7689713319
13	42	24	-39.700002	3.599999	-0.719999	-14.87950705	272.2538197	23.69665338	0.0303220172	10.78221819	0.9384716342	-0.4147708214
13	42	25	-39.700002	3.599999	2.250001	-38.55161217	309.9319822	26.97611649	1.447835832	11.86620882	1.032820908	1.211581598
13	43	20	-39.700002	6.299999	-12.599999	-1.523074453	347.9005478	30.28085593	1.912230092	13.94014112	1.213333545	1.34920053
13	43	21	-39.700002	6.299999	-9.629999	9.036247896	270.5655089	23.54970478	1.788181808	11.04479283	0.9613258228	1.131976645
13	43	22	-39.700002	6.299999	-6.659999	-10.45440739	206.891682	18.00760952	0.5608072967	9.401716913	0.8183144211	0.07664464057
13	43	23	-39.700002	6.299999	-3.689999	-26.20339269	251.140442	21.85896973	-0.07830081959	9.703060114	0.8445429802	-0.4234621318
13	43	24	-39.700002	6.299999	-0.719999	-52.15461654	334.6834864	29.1304584	0.675206754	11.5906018	1.008832396	0.5590219174
13	43	25	-39.700002	6.299999	2.250001	-89.83797461	364.9453491	31.76441546	1.470175874	12.38189446	1.077705582	1.686495773
13	44	20	-39.700002	8.999999	-12.599999	-26.81386636	286.8977254	24.97124177	1.46682781	13.43650327	1.169497497	1.126993443
13	44	21	-39.700002	8.999999	-9.629999	-11.5246705	236.1491081	20.5541416	1.773593003	10.03470524	0.8734089832	1.29882763
13	44	22	-39.700002	8.999999	-6.659999	-22.59609355	212.3964793	18.48674063	0.4799114355	9.651212125	0.8400301919	0.1028958829
13	44	23	-39.700002	8.999999	-3.689999	-50.10296747	287.4448111	25.01885946	0.07628114095	10.35835499	0.9015790784	-0.05798509276
13	44	24	-39.700002	8.999999	-0.719999	-69.3303401	364.3365398	31.71142542	1.121900417	12.45056048	1.083682192	1.157264857
13	44	25	-39.700002	8.999999	2.250001	-81.97550215	357.8825833	31.14968061	1.623850984	12.17342266	1.059560441	1.770782742
13	45	20	-39.700002	11.699999	-12.599999	-31.69770389	286.0330578	24.89598211	0.625155565	12.3603481	1.075830212	0.3284512509
13	45	21	-39.700002	11.699999	-9.629999	-11.02847889	225.395099	19.61812525	1.320065217	10.49262358	0.9132656591	0.8409388754
13	45	22	-39.700002	11.699999	-6.659999	-14.49605574	252.0870875	21.94136465	-0.1451367713	10.41492233	0.9065026328	-0.5936065331
13	45	23	-39.700002	11.699999	-3.689999	-37.22934882	311.2300411	27.08909801	-0.09941004759	12.03606662	1.047605132	-0.3472723111
13	45	24	-39.700002	11.699999	-0.719999	-51.61248374	365.2906189	31.79446734	1.309012527	14.4507525	1.257776561	1.188018977
13	46	20	-39.700002	14.399999	-12.599999	-67.68810571	376.9897539	32.81274634	-1.583120824	13.99030382	1.217699647	-1.56214291
13	46	21	-39.700002	14.399999	-9.629999	-51.00032282	278.8694286	24.27246823	-0.4322151101	12.25185053	1.06638671	-0.5585428589
13	46	22	-39.700002	14.399999	-6.659999	-24.0161708	268.5136269	23.37111138	-1.101024002	12.13744629	1.056429099	-1.465446568
13	46	23	-39.700002	14.399999	-3.689999	-21.31859477	288.7980389	25.13664283	-0.1699766587	12.78927841	1.113163804	-0.5582401575
13	46	24	-39.700002	14.399999	-0.719999	-31.63845454	333.7252087	29.04705103	1.729909215	14.37686706	1.251345659	1.432639041
13	47	21	-39.700002	17.099999	-9.629999	-148.0736235	360.0852064	31.34139434	-2.973077505	14.19541936	1.235552664	-2.242685824
13	47	22	-39.700002	17.099999	-6.659999	-95.70730343	299.7408747	26.08909443	-2.372211067	13.48796166	1.173976375	-2.103947839
13	47	23	-39.700002	17.099999	-3.689999	-79.25022182	304.3677156	26.49180924	-0.9100892064	12.54862046	1.092217218	-0.7871079425
13	47	24	-39.700002	17.099999	-0.719999	-82.97462461	322.2345199	28.04691495	0.7616262743	12.82668562	1.116419684	0.917408331
13	48	23	-39.700002	19.799999	-3.689999	-170.5134002	356.1655878	31.00023533	-1.939705299	13.89512412	1.209415318	-1.011334702
14	32	24	-37.000002	-23.400002	-0.719999	13.68968914	299.7794244	26.09244975	-0.314099502	9.966602942	0.867481439	-1.011286965
14	32	25	-37.000002	-23.400002	2.250001	14.41713179	344.7292436	30.00482933	0.2805820192	10.97216905	0.9550047348	-0.4230478948
14	33	23	-37.000002	-20.700001	-3.689999	11.59886915	257.8234182	22.44064815	0.642965171	10.31978471	0.898221966	-0.03580917673
14	33	24	-37.000002	-20.700001	-0.719999	25.39478449	310.8107116	27.05260006	0.1954000801	10.80834979	0.9407460981	-0.6050984917
14	33	25	-37.000002	-20.700001	2.250001	17.58463678	371.7778614	32.35910932	0.06495182182	10.85000196	0.9443714537	-0.6666212512
14	33	26	-37.000002	-20.700001	5.220001	-6.605271007	350.932642	30.54476586	-0.3745030025	11.56516387	1.006618308	-0.8925958323
14	33	27	-37.000002	-20.700001	8.190001	-43.74823433	303.7560364	26.4385694	0.6200737796	10.72819569	0.9337695789	0.4297092161
14	33	28	-37.000002	-20.700001	11.160001	-47.04138334	281.7935922	24.526984	1.192971271	9.607898824	0.836260253	1.031644697
14	33	29	-37.000002	-20.700001	14.130001	-25.00162213	277.7052058	24.17113564	-0.02977017742	10.89583453	0.9483606676	-0.3855383684
14	34	23	-37.000002	-18.000001	-3.689999	6.043538312	284.4177222	24.75538519	1.513522982	11.0260426	0.9596938255	0.8837375921
14	34	24	-37.000002	-18.000001	-0.719999	22.01927529	311.3483911	27.09939905	1.236933447	10.13905076	0.8824910953	0.466181404
14	34	25	-37.000002	-18.000001	2.250001	26.7265771	356.7264227	31.04904974	-0.07056222442	9.438291272	0.8214978105	-0.8828028055
14	34	26	-37.000002	-18.000001	5.220001	24.0424182	333.2165103	29.00277452	-0.3924857702	10.50426737	0.9142791203	-1.181027535
14	34	27	-37.000002	-18.000001	8.190001	-14.82378866	279.8787443	24.36031788	1.18413256	10.0616176	0.8757514038	0.7385031105
14	34	28	-37.000002	-18.000001	11.160001	-36.96059036	223.1635057	19.42388998	0.9265780541	8.068368067	0.7022613002	0.6763041912
14	34	29	-37.000002	-18.000001	14.130001	-22.01198365	230.2292002	20.03887975	-1.000865811	10.27742103	0.8945346811	-1.382978168
14	34	30	-37.000002	-18.000001	17.100001	-5.231554645	267.0488775	23.24362131	-2.037270803	10.99618657	0.957095191	-2.56742121
14	35	22	-37.000002	-15.300001	-6.659999	-22.22510773	282.0952918	24.55324358	0.32761893	9.169992893	0.798145434	-0.05266444638
14	35	23	-37.000002	-15.300001	-3.689999	-11.92137225	279.8561465	24.35835099	1.184779176	10.53610886	0.917050567	0.7135374133
14	35	24	-37.000002	-15.300001	-0.719999	14.39231186	267.509742	23.28373441	1.757449869	10.01841953	0.8719914938	1.053981474
14	35	25	-37.000002	-15.300001	2.250001	32.99209081	294.568165	25.63886784	0.4010512471	8.206013307	0.7142417806	-0.4664975391
14	35	26	-37.000002	-15.300001	5.220001	39.41500539	277.8832219	24.18662995	-0.2455317057	8.558884971	0.7449553167	-1.169734138
14	35	27	-37.000002	-15.300001	8.190001	6.619203765	217.8795329	18.96397918	0.6102822425	9.595669846	0.835195857	-0.02454792134
14	35	28	-37.000002	-15.300001	11.160001	-17.86993801	190.5777569	16.5876646	0.2832810015	8.264334459	0.7193179853	-0.1354327161
14	35	29	-37.000002	-15.300001	14.130001	-3.985456097	196.9200554	17.13969083	-0.8966807743	9.505750064	0.8273693446	-1.437871752
14	35	30	-37.000002	-15.300001	17.100001	4.667447858	249.1320176	21.68415882	-1.383450829	11.31156106	0.984545017	-2.000980151
14	36	22	-37.000002	-12.600001	-6.659999	-31.65335306	275.2477589	23.95724234	0.4815230347	8.597583107	0.7483235571	0.1844329405
14	36	23	-37.000002	-12.600001	-3.689999	-27.49765866	243.6137139	21.20385213	0.6905594949	9.667186164	0.8414205536	0.3567894581
14	36	24	-37.000002	-12.600001	-0.719999	10.98766069	223.052737	19.4142488	2.003090894	9.052740744	0.7879399444	1.329657179
14	36	25	-37.000002	-12.600001	2.250001	27.59545836	232.0480553	20.19719077	1.311483165	8.03208895	0.6991036084	0.4915213553
14	36	26	-37.000002	-12.600001	5.220001	35.14976165	220.931381	19.22960847	-0.06200874806	8.483991662	0.7384366908	-0.9485798074
14	36	27	-37.000002	-12.600001	8.190001	21.56020427	186.3359943	16.21846656	0.2038934966	8.821586657	0.7678205635	-0.5627672652
14	36	28	-37.000002	-12.600001	11.160001	0.03714274547	203.8606746	17.74379419	0.3714007358	8.685404776	0.7559674522	-0.2053369223
14	36	29	-37.000002	-12.600001	14.130001	3.482255101	208.7212859	18.1668561	0.4441760562	9.526202621	0.8291495113	-0.1629657286
14	37	21	-37.000002	-9.900001	-9.629999	-24.79705537	245.1015674	21.33335316	0.3792515914	7.673499466	0.6678924	0.02166228127
14	37	22	-37.000002	-9.900001	-6.659999	-25.39668264	241.0314311	20.97909327	0.9969740494	8.849175615	0.7702218741	0.6446520807
14	37	23	-37.000002	-9.900001	-3.689999	-26.86672987	233.0650512	20.2857089	1.308941449	9.674236938	0.8420342446	0.9695797223
14	37	24	-37.000002	-9.900001	-0.719999	8.905401801	213.6806677	18.59851488	2.217888028	9.034616948	0.7863624704	1.562820783
14	37	25	-37.000002	-9.900001	2.250001	20.4019737	224.2425329	19.51780725	1.70378287	7.934787232	0.6906345809	0.9472844799
14	37	26	-37.000002	-9.900001	5.220001	25.76281594	222.6455659	19.37880911	0.7083597513	8.429213088	0.733668828	-0.09540647609
14	37	27	-37.000002	-9.900001	8.190001	36.51424109	207.5346092	18.06356915	0.4650319014	8.395093093	0.7306990636	-0.4336004878
14	37	28	-37.000002	-9.900001	11.160001	24.55861111	222.4034675	19.35773715	0.5825225809	8.951320143	0.7791124141	-0.2106122765
14	37	29	-37.000002	-9.900001	14.130001	6.878896572	240.3163438	20.91685291	1.105422262	9.69842246	0.8441393241	0.4682811681
14	38	21	-37.000002	-7.200001	-9.629999	-19.27675968	223.0741059	19.41610873	0.1456504348	7.903447888	0.6879068412	-0.2606434673
14	38	22	-37.000002	-7.200001	-6.659999	-3.373689972	214.3293031	18.65497135	1.271928386	8.332219102	0.7252265851	0.7252544585
14	38	23	-37.000002	-7.200001	-3.689999	-6.911545613	230.4805828	20.0607598	2.15380457	8.756765246	0.7621785839	1.638316009
14	38	24	-37.000002	-7.200001	-0.719999	17.52760455	217.8348478	18.96008985	2.503100168	8.340485255	0.7259460613	1.771935441
14	38	25	-37.000002	-7.200001	2.250001	28.8243376	214.6633305	18.6840447	1.865094147	8.15031671	0.7093940141	1.034266573
14	38	26	-37.000002	-7.200001	5.220001	31.41035661	206.7127631	17.99203663	1.427214298	8.268981128	0.719722426	0.5735835239
14	38	27	-37.000002	-7.200001	8.190001	46.78600247	207.8623793	18.09209788	0.6930033532	8.249689816	0.7180433328	-0.2962807698
14	38	28	-37.000002	-7.200001	11.160001	50.11573549	223.6718847	19.4681387	0.5657831779	8.697856571	0.7570512419	-0.452879123
14	38	29	-37.000002	-7.200001	14.130001	42.61126061	250.5953423	21.81152489	0.9679174725	10.16654094	0.8848838076	0.01546253258
14	39	20	-37.000002	-4.500001	-12.599999	-20.53743934	234.5970668	20.41905374	0.2018841244	7.834767039	0.6819289406	-0.1932871365
14	39	21	-37.000002	-4.500001	-9.629999	-10.99525237	238.8354656	20.78795901	0.03712193295	8.005365118	0.6967775974	-0.4422476621
14	39	22	-37.000002	-4.500001	-6.659999	10.48315222	218.6274862	19.02908016	0.9803761226	7.878663817	0.6857496646	0.3114342487
14	39	23	-37.000002	-4.500001	-3.689999	23.0814496	240.5034528	20.93313865	2.292520456	8.121857361	0.7069169457	1.512354186
14	39	24	-37.000002	-4.500001	-0.719999	43.78822472	230.492048	20.06175772	2.577890675	7.828618077	0.6813937421	1.614986963
14	39	25	-37.000002	-4.500001	2.250001	48.19798957	215.2686525	18.73673121	1.945784894	7.513285746	0.6539475856	0.943991953
14	39	26	-37.000002	-4.500001	5.220001	44.15269127	199.6250969	17.37513447	1.489722482	8.276393461	0.7203675867	0.5236449149
14	39	27	-37.000002	-4.500001	8.190001	59.46371719	201.5330585	17.54120121	1.065731881	7.796984112	0.6786403589	-0.03544087716
14	39	28	-37.000002	-4.500001	11.160001	78.18194762	204.2068827	17.77392774	1.157352072	8.301067856	0.7225152172	-0.1090027287
14	39	29	-37.000002	-4.500001	14.130001	86.21765836	243.7612975	21.21669764	1.479152747	9.629007028	0.8380974863	0.1418745221
14	40	19	-37.000002	-1.800001	-15.569999	-31.23061195	230.7175704	20.08138692	-0.4216835731	8.794734789	0.7654834084	-0.7224689662
14	40	20	-37.000002	-1.800001	-12.599999	-12.82131596	217.9868545	18.97332033	0.4353730176	7.744296848	0.6740545212	-0.02789803923
14	40	21	-37.000002	-1.800001	-9.629999	-5.172469089	244.4542265	21.27700937	0.6285961102	8.464035195	0.7366997034	0.09782050481
14	40	22	-37.000002	-1.800001	-6.659999	16.11232838	249.4740474	21.71392869	1.227939503	8.68445188	0.7558845133	0.5093134896
14	40	23	-37.000002	-1.800001	-3.689999	42.23185336	248.812718	21.65636736	1.894293083	8.901040728	0.7747361528	0.9451501417
14	40	24	-37.000002	-1.800001	-0.719999	60.54513215	221.4106969	19.27132756	1.791266579	7.897048592	0.6873498539	0.6805226567
14	40	25	-37.000002	-1.800001	2.250001	57.11798702	212.7726548	18.5194825	1.637252196	7.38875305	0.6431084057	0.5567570128
14	40	26	-37.000002	-1.800001	5.220001	55.81349801	206.4074796	17.96546511	1.747587132	8.388958288	0.7301650974	0.6785990777
14	40	27	-37.000002	-1.800001	8.190001	77.67184151	221.0969896	19.24402284	1.786469584	8.345719696	0.7264016609	0.5245917034
14	40	28	-37.000002	-1.800001	11.160001	98.05129561	218.5634001	19.02350218	1.79445645	8.981572246	0.7817455217	0.3527403631
14	41	19	-37.000002	0.899999	-15.569999	-40.43467791	244.8870151	21.31467878	0.4195779226	9.806138631	0.8535148134	0.1999807841
14	41	20	-37.000002	0.899999	-12.599999	5.540929715	211.8395943	18.43827001	1.196797101	9.531068159	0.8295730019	0.5714592982
14	41	21	-37.000002	0.899999	-9.629999	22.48213239	213.3717311	18.57162539	1.339760704	9.248817099	0.8050062005	0.5649201875
14	41	22	-37.000002	0.899999	-6.659999	25.18936222	218.8704723	19.05022938	1.199711035	8.969184204	0.780667281	0.4009861021
14	41	23	-37.000002	0.899999	-3.689999	28.63805816	224.3959211	19.53115797	0.8203091152	9.474847754	0.8246796438	-0.008833961796
14	41	24	-37.000002	0.899999	-0.719999	25.36258038	187.3010967	16.30246794	0.4657988789	9.515989047	0.8282605337	-0.334426037
14	41	25	-37.000002	0.899999	2.250001	16.20527697	199.00655	17.32129687	1.339260679	9.67975949	0.8425149211	0.6198101094
14	41	26	-37.000002	0.899999	5.220001	21.25006651	234.0099147	20.36794871	2.599330331	10.06828991	0.8763321532	1.835313102
14	41	27	-37.000002	0.899999	8.190001	42.70391925	258.8602696	22.53089448	2.537826054	9.785567865	0.8517243581	1.584492324
14	42	19	-37.000002	3.599999	-15.569999	-40.82524241	341.7323276	29.74398127	2.109010823	12.37013411	1.076681975	1.892794429
14	42	20	-37.000002	3.599999	-12.599999	29.39631003	237.4783088	20.66983367	2.538656622	10.67197963	0.9288765993	1.702755467
14	42	21	-37.000002	3.599999	-9.629999	48.00864928	195.370422	17.00481255	1.829262039	9.175395611	0.7986156802	0.8291444635
14	42	22	-37.000002	3.599999	-6.659999	28.00819468	173.8321652	15.13014793	0.7725704485	8.167725677	0.7109092702	-0.05101255796
14	42	23	-37.000002	3.599999	-3.689999	10.19475066	217.4904399	18.93011299	-0.2315335683	9.508624435	0.8276195265	-0.8978832636
14	42	24	-37.000002	3.599999	-0.719999	-10.41708911	231.6870052	20.16576539	-0.1314599647	10.55553838	0.9187416896	-0.6159249804
14	42	25	-37.000002	3.599999	2.250001	-37.80389977	282.2950752	24.57063249	1.373538115	11.52202878	1.002863881	1.130688608
14	42	26	-37.000002	3.599999	5.220001	-49.46086053	296.1742359	25.77865837	3.119706776	10.94246056	0.9524189425	2.979655788
14	42	27	-37.000002	3.599999	8.190001	-26.81054134	278.6288728	24.25153053	3.049777405	9.74074928	0.847823401	2.709852062
14	43	19	-37.000002	6.299999	-15.569999	-41.32803479	423.1208588	36.82794364	2.123776981	13.76951854	1.198482755	1.911996889
14	43	20	-37.000002	6.299999	-12.599999	19.86104356	227.6583535	19.81511627	2.602395423	11.279549	0.9817587255	1.850635467
14	43	21	-37.000002	6.299999	-9.629999	30.28725153	199.5015119	17.36437777	1.779952382	9.128729043	0.7945538768	0.9362186813
14	43	22	-37.000002	6.299999	-6.659999	2.914237289	161.3477625	14.04352014	0.5356882047	8.578184864	0.7466351568	-0.06644468664
14	43	23	-37.000002	6.299999	-3.689999	-15.64761366	201.2157906	17.51358658	-0.1910327317	9.173683578	0.7984666669	-0.6293388173
14	43	24	-37.000002	6.299999	-0.719999	-36.95602004	276.5526206	24.07081597	0.2297735641	11.00355216	0.9577362838	-0.02051349846
14	43	25	-37.000002	6.299999	2.250001	-71.76763695	336.9140386	29.32460305	1.236143851	12.17391096	1.059602942	1.293011698
14	43	26	-37.000002	6.299999	5.220001	-86.20430072	317.4229032	27.62811746	2.719519768	10.95437739	0.9534561696	2.903725774
14	44	19	-37.000002	8.999999	-15.569999	-55.05888176	345.3887062	30.06222818	0.1600088864	13.77395902	1.198869249	0.069472713
14	44	20	-37.000002	8.999999	-12.599999	-6.716623341	203.0624415	17.67431691	1.665331168	10.24988665	0.8921381213	1.14814154
14	44	21	-37.000002	8.999999	-9.629999	7.479352849	205.8486425	17.91682458	1.584446181	8.205983459	0.7142391826	0.9419877268
14	44	22	-37.000002	8.999999	-6.659999	-19.86008308	185.1320552	16.11367711	0.626274894	8.119602909	0.7067207208	0.2251097984
14	44	23	-37.000002	8.999999	-3.689999	-44.01422183	212.1313117	18.46366075	-0.04028535332	9.086031484	0.7908375313	-0.2282770059
14	44	24	-37.000002	8.999999	-0.719999	-54.42754582	311.845481	27.14266517	0.2491173512	11.39520444	0.9918252391	0.1530065028
14	44	25	-37.000002	8.999999	2.250001	-66.14246593	340.2833032	29.61785989	1.062470147	11.80858947	1.027805787	1.069705598
14	44	26	-37.000002	8.999999	5.220001	-68.34411537	302.5015452	26.32937995	2.435933526	10.57689069	0.9206001693	2.462543891
14	45	19	-37.000002	11.699999	-15.569999	-52.37602106	334.6284722	29.12567003	-0.8451447528	14.63343315	1.27367687	-0.9593166147
14	45	20	-37.000002	11.699999	-12.599999	-2.961384363	234.8677898	20.44261716	1.099422597	9.34981493	0.8137969333	0.5491170075
14	45	21	-37.000002	11.699999	-9.629999	14.6314836	199.1267342	17.33175756	1.41439356	7.832732479	0.6817518548	0.7088279583
14	45	22	-37.000002	11.699999	-6.659999	-4.805508727	213.1713865	18.55418764	0.5093424464	8.232444334	0.7165423062	-0.02466674664
14	45	23	-37.000002	11.699999	-3.689999	-30.88345454	240.1310119	20.90072184	-0.0150532215	9.862282416	0.8584015027	-0.3189179277
14	45	24	-37.000002	11.699999	-0.719999	-33.51284631	336.4897792	29.28767601	0.5377278138	12.47538771	1.085843125	0.257044575
14	45	25	-37.000002	11.699999	2.250001	-33.22297154	334.7931846	29.1400064	1.299342587	13.78388543	1.199733233	1.016071702
14	46	19	-37.000002	14.399999	-15.569999	-86.29796183	362.4115599	31.54387742	-1.927290337	14.38194239	1.25178741	-1.742076892
14	46	20	-37.000002	14.399999	-12.599999	-37.70483864	280.1369381	24.38279077	-1.300826386	11.33379303	0.986480062	-1.544445925
14	46	21	-37.000002	14.399999	-9.629999	-20.59119037	212.0429334	18.4559684	-0.4156681264	10.04836775	0.874598152	-0.8103410177
14	46	22	-37.000002	14.399999	-6.659999	-5.762772644	215.4991622	18.75679451	-0.5606151731	9.51932729	0.8285510905	-1.086135358
14	46	23	-37.000002	14.399999	-3.689999	-7.151770171	220.699729	19.20944575	-0.0243538639	9.701428402	0.8444009578	-0.5376377613
14	46	24	-37.000002	14.399999	-0.719999	-0.4001966986	294.617736	25.64318244	1.401925547	12.01603236	1.045861374	0.8290070534
14	46	25	-37.000002	14.399999	2.250001	3.663235559	316.7005895	27.56524813	1.823430115	13.55140591	1.179498488	1.21463757
14	47	21	-37.000002	17.099999	-9.629999	-111.4774259	298.8566583	26.01213328	-3.436518882	12.84405839	1.117931789	-3.02905123
14	47	22	-37.000002	17.099999	-6.659999	-56.43416358	250.5554182	21.80804994	-2.050679148	10.34649135	0.9005464804	-2.128993112
14	47	23	-37.000002	17.099999	-3.689999	-27.90132642	235.1333343	20.46572983	-0.3853421129	9.255636919	0.8055997896	-0.7155081036
14	47	24	-37.000002	17.099999	-0.719999	-14.67437577	257.484618	22.41115937	0.9397131669	10.68112412	0.9296725251	0.4927747449
14	47	25	-37.000002	17.099999	2.250001	-6.953484118	305.3586884	26.57806235	1.124981401	12.25310424	1.066495832	0.6099029828
14	48	23	-37.000002	19.799999	-3.689999	-78.00691011	291.0919914	25.33630576	-0.8161837421	9.858478249	0.8580703924	-0.7041777022
14	48	24	-37.000002	19.799999	-0.719999	-65.79408098	296.2778306	25.78767513	-0.06025102371	10.16217286	0.8845036153	-0.05604616995
14	48	25	-37.000002	19.799999	2.250001	-62.0668257	309.5885011	26.94622029	0.5979044336	11.6743547	1.01612215	0.5691926061
14	49	23	-37.000002	22.499999	-3.689999	-105.8105755	323.9415682	28.19549443	-1.424045955	11.88345487	1.034321984	-1.066663616
14	49	24	-37.000002	22.499999	-0.719999	-104.3025502	310.5042715	27.02592788	-0.6478565514	10.38728124	0.9040967854	-0.3038119605
15	31	26	-34.300002	-26.100002	5.220001	7.558043863	263.9494892	22.97385419	-0.1294307459	8.924920443	0.7768146152	-0.7725168749
15	31	27	-34.300002	-26.100002	8.190001	-19.90673047	260.1560016	22.64367347	-0.05946569404	8.759738673	0.7624373875	-0.4601924509
15	32	25	-34.300002	-23.400002	2.250001	5.657283834	285.6896053	24.86608841	0.1762198907	9.519309039	0.8285495019	-0.4501049381
15	32	26	-34.300002	-23.400002	5.220001	-14.11073153	316.3114427	27.53137725	0.4359408489	9.431083674	0.8208704695	-0.01595182006
15	32	27	-34.300002	-23.400002	8.190001	-48.4166963	332.8698113	28.97259825	0.4451156451	9.844618315	0.85686404	0.2959545998
15	32	28	-34.300002	-23.400002	11.160001	-34.78562713	310.5634711	27.03108054	0.6135652232	9.370756279	0.8156196438	0.3441106485
15	32	29	-34.300002	-23.400002	14.130001	-5.896665788	295.0720054	25.68272152	0.06440613007	9.91854589	0.8632986095	-0.4599568552
15	32	30	-34.300002	-23.400002	17.100001	9.705408624	262.8041767	22.87416753	-1.165311711	11.15647275	0.9710463123	-1.827306864
15	33	25	-34.300002	-20.700001	2.250001	-0.5573215701	265.1913481	23.08194413	0.8712826187	8.502788581	0.7400727526	0.2997713299
15	33	26	-34.300002	-20.700001	5.220001	-5.966994013	296.9193526	25.84351246	0.7611406388	9.534237282	0.8298488387	0.2373711345
15	33	27	-34.300002	-20.700001	8.190001	-37.63763449	293.9674506	25.58658236	0.6321340508	9.243309519	0.8045268272	0.3878462085
15	33	28	-34.300002	-20.700001	11.160001	-25.73336775	247.9083203	21.57764965	0.2579895745	8.423201041	0.7331455464	-0.09133255297
15	33	29	-34.300002	-20.700001	14.130001	-3.246485825	241.0889006	20.98409534	-0.7169846173	8.741787285	0.7608749198	-1.264703613
15	33	30	-34.300002	-20.700001	17.100001	6.672603306	248.4300634	21.62306156	-1.8856416	10.39687953	0.9049322088	-2.520845805
15	33	31	-34.300002	-20.700001	20.070001	18.30224541	218.887965	19.05175193	-1.983453673	9.653652066	0.8402425615	-2.721279505
15	34	25	-34.300002	-18.000001	2.250001	19.72711089	265.3682883	23.0973448	0.6424626236	8.294710747	0.7219619019	-0.1080391356
15	34	26	-34.300002	-18.000001	5.220001	20.51982298	274.7868158	23.9171224	0.6068342773	8.226910194	0.7160606212	-0.1506613592
15	34	27	-34.300002	-18.000001	8.190001	-13.72079882	253.8716458	22.09669051	0.7273259062	8.051217791	0.7007685603	0.2719809419
15	34	28	-34.300002	-18.000001	11.160001	-12.47713763	204.6653966	17.81383624	0.2419555307	7.567980758	0.6587081753	-0.2243451867
15	34	29	-34.300002	-18.000001	14.130001	5.56382489	202.3538234	17.61263962	-0.7450233762	8.296003169	0.7220743927	-1.370487609
15	34	30	-34.300002	-18.000001	17.100001	12.6877308	220.5626223	19.19751214	-1.971251922	9.471943745	0.8244268822	-2.659533109
15	34	31	-34.300002	-18.000001	20.070001	23.61734142	202.3535581	17.61261653	-2.04851881	8.885144523	0.7733525657	-2.833245017
15	35	26	-34.300002	-15.300001	5.220001	28.39714867	224.9658182	19.58076115	0.02130549497	6.953977266	0.605266031	-0.805680573
15	35	28	-34.300002	-15.300001	11.160001	-1.323227185	188.8339253	16.43588354	-0.1643373871	7.57497291	0.659316764	-0.7290496409
15	35	29	-34.300002	-15.300001	14.130001	19.46467742	179.4923751	15.62280596	-0.3066432207	7.751184615	0.6746540243	-1.054792189
15	35	30	-34.300002	-15.300001	17.100001	26.53525047	206.4719611	17.97107751	-0.9436600938	8.707083571	0.7578543491	-1.754178323
15	36	28	-34.300002	-12.600001	11.160001	13.00757903	210.513978	18.32288992	-0.2931104018	8.57134222	0.746039581	-0.9842794211
15	36	29	-34.300002	-12.600001	14.130001	29.3708725	198.6399481	17.28938827	0.4419670154	9.17896543	0.7989263931	-0.393628029
15	36	30	-34.300002	-12.600001	17.100001	29.24749964	183.0745748	15.93459643	0.8196626468	7.801328638	0.6790185013	-0.01485840352
15	37	27	-34.300002	-9.900001	8.190001	27.58662877	181.0131471	15.75517217	-0.1893481034	9.034570788	0.7863584527	-1.00917356
15	37	28	-34.300002	-9.900001	11.160001	24.72125282	218.9049519	19.05323045	-0.330734746	9.193879448	0.8002244918	-1.125269272
15	37	29	-34.300002	-9.900001	14.130001	24.61912232	233.012363	20.28112298	0.468565164	9.791739356	0.8522615174	-0.3250992358
15	37	30	-34.300002	-9.900001	17.100001	13.73636556	185.6488106	16.15865489	1.10257833	7.566877382	0.6586121388	0.4049238126
15	38	28	-34.300002	-7.200001	11.160001	25.84890136	183.7980983	15.99757106	-0.1521936551	8.891245267	0.7738835673	-0.9566860338
15	38	29	-34.300002	-7.200001	14.130001	19.90837469	221.4779065	19.27717741	0.3223014976	9.332316169	0.8122738617	-0.4297873528
15	38	30	-34.300002	-7.200001	17.100001	11.92574026	193.3983773	16.8331681	0.7642872283	8.656708098	0.753469727	0.0826236922
15	39	28	-34.300002	-4.500001	11.160001	30.95880161	168.6527155	14.67933469	0.6091113392	7.56341705	0.6583109556	-0.2405028471
15	39	29	-34.300002	-4.500001	14.130001	19.86606681	192.5968928	16.76340782	0.7271853341	8.742962087	0.7609771731	-0.02454593639
15	39	30	-34.300002	-4.500001	17.100001	18.30806437	191.7813041	16.69241993	0.9549467094	8.779949069	0.7641964767	0.2169551176
15	40	27	-34.300002	-1.800001	8.190001	58.63928781	197.8995064	17.22494109	1.611736849	7.455122774	0.6488851487	0.5178179849
15	40	28	-34.300002	-1.800001	11.160001	43.57591927	197.3237931	17.17483168	1.326869756	7.247271339	0.6307940034	0.3658882382
15	40	29	-34.300002	-1.800001	14.130001	22.42324949	211.022148	18.36712044	0.9760411411	7.691293296	0.6694411541	0.2017343974
15	41	26	-34.300002	0.899999	5.220001	10.58988781	215.6046164	18.76597311	1.972133294	8.485121634	0.7385350423	1.30221092
15	41	27	-34.300002	0.899999	8.190001	26.2553821	264.3171088	23.00585136	2.293257774	8.606547363	0.7491037954	1.485083201
15	41	28	-34.300002	0.899999	11.160001	31.9796292	243.4248196	21.187411	1.951844372	9.392238782	0.8174894557	1.093169641
15	42	20	-34.300002	3.599999	-12.599999	36.39808533	200.2343782	17.4281656	1.663690443	8.59700072	0.7482728668	0.7660363956
15	42	25	-34.300002	3.599999	2.250001	-22.75398521	221.0799413	19.24253898	1.277410471	9.197886686	0.800573277	0.9017571766
15	42	26	-34.300002	3.599999	5.220001	-25.7991565	237.5321762	20.67452222	2.138981726	9.020231697	0.785110395	1.79016691
15	42	27	-34.300002	3.599999	8.190001	-17.04949836	280.8515707	24.44499155	2.49689166	9.437291217	0.8214107668	2.070851807
15	42	28	-34.300002	3.599999	11.160001	11.02123031	253.0639084	22.02638599	2.115751779	9.913009051	0.8628166896	1.442017443
15	43	19	-34.300002	6.299999	-15.569999	-40.41144453	337.0075689	29.33274382	2.427524052	11.79255802	1.026410429	2.207643709
15	43	20	-34.300002	6.299999	-12.599999	11.4317609	215.2354504	18.73384134	1.889923602	8.684862647	0.7559202659	1.212575344
15	43	21	-34.300002	6.299999	-9.629999	11.83599278	189.3611013	16.48176832	0.3468585488	7.264690114	0.6323101131	-0.3339967601
15	43	24	-34.300002	6.299999	-0.719999	-19.53759931	220.3283472	19.17712111	0.355447485	8.980810417	0.781679213	-0.04855281419
15	43	25	-34.300002	6.299999	2.250001	-36.01839618	249.0262947	21.67495683	0.8942285291	9.098152028	0.7918924893	0.6356415607
15	43	26	-34.300002	6.299999	5.220001	-50.26569008	245.428454	21.36180499	1.657280057	9.148173876	0.7962463323	1.524388206
15	43	27	-34.300002	6.299999	8.190001	-36.6694982	266.4035387	23.18745178	2.496166705	10.19054939	0.8869734756	2.243262994
15	43	28	-34.300002	6.299999	11.160001	0.181552244	255.1964762	22.21200219	2.262061186	10.5707282	0.9200637936	1.683975575
15	44	19	-34.300002	8.999999	-15.569999	-54.66915684	311.366884	27.10100865	1.355773318	11.95069553	1.040174532	1.26175147
15	44	20	-34.300002	8.999999	-12.599999	-3.16613696	199.6769141	17.37964458	1.592768944	9.069420193	0.789391704	1.044250978
15	44	21	-34.300002	8.999999	-9.629999	5.619297472	202.1774542	17.59728866	0.4416885737	7.058595246	0.6143718574	-0.1843113819
15	44	22	-34.300002	8.999999	-6.659999	-20.31210351	161.8362211	14.08603501	-0.03819528004	7.303591807	0.635696071	-0.4353456625
15	44	23	-34.300002	8.999999	-3.689999	-24.37109745	180.6370077	15.72243344	-0.03511878509	7.740971146	0.673765056	-0.3964508143
15	44	24	-34.300002	8.999999	-0.719999	-26.18270958	257.4624407	22.40922909	0.02295761454	9.717341456	0.8457860114	-0.3223901578
15	44	25	-34.300002	8.999999	2.250001	-43.18190496	268.1932804	23.3432288	0.5636719825	9.659387764	0.84074179	0.3683120583
15	44	26	-34.300002	8.999999	5.220001	-59.4383305	257.7088957	22.43068024	1.665430562	9.065162026	0.7890210782	1.61348209
15	44	27	-34.300002	8.999999	8.190001	-37.18406018	272.2873951	23.69957574	2.334848262	10.86186213	0.9454037493	2.086491569
15	44	28	-34.300002	8.999999	11.160001	-7.515588825	270.0093774	23.50129975	2.241920333	10.12885855	0.8816039769	1.731758702
15	45	19	-34.300002	11.699999	-15.569999	-52.07146497	305.8761256	26.62309948	0.5832522264	12.53653381	1.09116521	0.4663372015
15	45	20	-34.300002	11.699999	-12.599999	2.641743801	236.793347	20.6102154	1.059203723	9.382564788	0.8166474426	0.4594550584
15	45	21	-34.300002	11.699999	-9.629999	13.78855047	191.6198975	16.6783713	0.4942264103	7.31087392	0.6363298975	-0.2038649247
15	45	22	-34.300002	11.699999	-6.659999	-12.08521505	173.5960548	15.10959715	0.2818038225	7.477351204	0.6508198852	-0.1879569558
15	45	23	-34.300002	11.699999	-3.689999	-20.18158998	202.733812	17.64571339	0.2668105736	8.702573314	0.7574617817	-0.1315033977
15	45	24	-34.300002	11.699999	-0.719999	-15.22855445	278.3877848	24.23054651	0.2037411733	11.69967678	1.018326155	-0.2382782591
15	45	25	-34.300002	11.699999	2.250001	-24.11031395	269.0163171	23.41486495	1.164804645	12.18655236	1.060703235	0.8011246187
15	45	26	-34.300002	11.699999	5.220001	-43.90715079	241.6785527	21.03541798	2.241038119	10.57917156	0.9207986934	2.052012795
15	45	27	-34.300002	11.699999	8.190001	-26.67481969	256.1247919	22.2928017	2.051971371	11.14579174	0.9701166499	1.710887208
15	46	19	-34.300002	14.399999	-15.569999	-100.5820296	335.5569879	29.20648695	-1.182510996	13.61604124	1.185124271	-0.8712772122
15	46	20	-34.300002	14.399999	-12.599999	-45.46143226	281.2973669	24.48379312	-1.244496409	10.93608391	0.9518639264	-1.419670308
15	46	21	-34.300002	14.399999	-9.629999	-25.77964845	213.4863516	18.58160183	-0.9410029837	8.962388153	0.7800757608	-1.289870024
15	46	22	-34.300002	14.399999	-6.659999	-19.89211847	186.8012036	16.25895782	-0.3318391123	7.667876097	0.6674029486	-0.7326842071
15	46	23	-34.300002	14.399999	-3.689999	-12.01778384	203.30807	17.69569613	0.4473562658	8.556003156	0.7447044868	-0.02300600331
15	46	24	-34.300002	14.399999	-0.719999	7.774744801	243.0372486	21.15367728	1.024817075	10.89288874	0.9481042696	0.3797737327
15	46	25	-34.300002	14.399999	2.250001	24.87655368	263.1325383	22.90274774	1.528811234	12.54014641	1.091479646	0.7328338566
15	46	26	-34.300002	14.399999	5.220001	2.64690933	242.0772399	21.07011924	1.852460569	10.95209413	0.9532574374	1.252635435
15	47	21	-34.300002	17.099999	-9.629999	-97.77497517	301.5335424	26.24512613	-3.691346293	12.09731919	1.052936484	-3.404785594
15	47	22	-34.300002	17.099999	-6.659999	-57.28668027	221.8842029	19.31254097	-1.84160169	8.881299625	0.7730179103	-1.912400786
15	47	23	-34.300002	17.099999	-3.689999	-24.01519647	204.6661724	17.81390377	0.09664396899	8.38662913	0.7299623701	-0.2678338284
15	47	24	-34.300002	17.099999	-0.719999	5.151370619	209.3494354	18.22152949	0.8394265611	9.345747455	0.8134429051	0.2175403257
15	47	25	-34.300002	17.099999	2.250001	36.62928444	269.8682604	23.4890171	0.6366556889	11.77789731	1.025134378	-0.2629985795
15	47	26	-34.300002	17.099999	5.220001	17.21591298	271.0078389	23.58820467	0.787121586	11.50373526	1.001271634	0.05877418673
15	48	22	-34.300002	19.799999	-6.659999	-82.42915749	254.9673773	22.1920617	-2.469106778	10.26690357	0.8936192541	-2.318012387
15	48	23	-34.300002	19.799999	-3.689999	-38.98923119	227.0490009	19.76207894	-0.3784042061	8.88913506	0.7736998974	-0.6107255761
15	48	24	-34.300002	19.799999	-0.719999	-22.11056718	234.67902	20.42618685	0.09748495613	8.865980232	0.7716845283	-0.2838002194
15	48	25	-34.300002	19.799999	2.250001	-13.49404923	281.7145156	24.52010126	0.3047516689	10.68815426	0.9302844202	-0.152577787
15	48	26	-34.300002	19.799999	5.220001	-35.59181899	306.1410543	26.64615856	0.7777418018	11.15662525	0.9710595859	0.5153950511
15	49	23	-34.300002	22.499999	-3.689999	-45.3443378	262.1011668	22.81297837	-0.939949847	10.0831703	0.877627325	-1.1161689
15	49	24	-34.300002	22.499999	-0.719999	-55.54712753	251.0408394	21.85030044	0.02516781431	9.077218338	0.7900704454	-0.06105459835
15	49	25	-34.300002	22.499999	2.250001	-71.27504267	271.4154744	23.62368479	0.8590031949	8.946910271	0.778728584	0.9115388421
15	49	26	-34.300002	22.499999	5.220001	-83.26532398	279.4724333	24.32495304	1.317494481	9.78210021	0.8514225374	1.475820163
15	50	25	-34.300002	25.199999	2.250001	-104.5001195	265.157241	23.07897549	0.7067688636	8.449933056	0.7354722697	1.052504155
16	31	27	-31.600002	-26.100002	8.190001	2.403765966	238.1586369	20.72904862	-0.1758662712	9.021105637	0.7851864617	-0.7734668179
16	31	28	-31.600002	-26.100002	11.160001	-20.46085291	231.1537348	20.11935016	0.1893514401	9.377511189	0.8162075832	-0.2064951675
16	31	29	-31.600002	-26.100002	14.130001	-8.251367597	232.2669457	20.21624273	-0.220791936	9.472935208	0.824513178	-0.7243648196
16	31	30	-31.600002	-26.100002	17.100001	25.60615297	231.0009641	20.10605317	-0.4821704546	9.259077064	0.8058992158	-1.284507859
16	32	27	-31.600002	-23.400002	8.190001	-15.44894052	245.4747186	21.36583181	0.06587139395	8.850117915	0.7703038908	-0.3741978799
16	32	28	-31.600002	-23.400002	11.160001	-17.31292378	227.7175998	19.820273	-0.05220402973	8.224656125	0.7158644296	-0.4758200405
16	32	29	-31.600002	-23.400002	14.130001	2.225191275	219.971658	19.1460753	-1.018330652	7.787634865	0.6778266114	-1.614322569
16	32	30	-31.600002	-23.400002	17.100001	15.43785761	210.7201436	18.34083433	-1.461464028	7.688722729	0.669217415	-2.174033478
16	32	31	-31.600002	-23.400002	20.070001	24.5286905	187.4744666	16.31755785	-1.265091603	7.675686571	0.6680827631	-2.057890487
16	33	27	-31.600002	-20.700001	8.190001	-9.793463367	212.1122909	18.4620052	0.005303625836	7.917840607	0.6891595665	-0.4846698821
16	33	28	-31.600002	-20.700001	11.160001	5.797501184	203.7495888	17.73412541	-0.4543440098	6.788530009	0.5908656957	-1.081881631
16	33	29	-31.600002	-20.700001	14.130001	12.9111173	190.0872161	16.5449685	-1.345060478	6.948910741	0.6048250466	-2.035337315
16	33	30	-31.600002	-20.700001	17.100001	6.874669718	177.233148	15.42616548	-1.854125914	6.930655847	0.603236162	-2.491114474
16	33	31	-31.600002	-20.700001	20.070001	9.487427683	166.5983262	14.50052306	-1.539129951	7.161809197	0.6233554788	-2.199186983
16	34	30	-31.600002	-18.000001	17.100001	9.665715217	169.8360576	14.7823314	-1.585118227	7.139942596	0.6214522354	-2.246746761
16	35	30	-31.600002	-15.300001	17.100001	14.58914458	169.7430551	14.77423657	-0.6700833801	6.614398812	0.5757095204	-1.3751942
16	36	29	-31.600002	-12.600001	14.130001	37.9909216	157.1792123	13.68069442	-0.1333817523	6.603879735	0.5747939522	-1.045021765
16	36	30	-31.600002	-12.600001	17.100001	24.70813772	163.9669165	14.27148824	0.5055901083	5.785900343	0.5035979846	-0.288861247
16	41	28	-31.600002	0.899999	11.160001	8.88501581	209.2865828	18.21605888	1.241841605	7.017310115	0.610778448	0.586992259
16	41	29	-31.600002	0.899999	14.130001	-2.829599136	167.8220321	14.60703298	0.4884850157	7.372905829	0.6417290821	-0.0629597215
16	42	27	-31.600002	3.599999	8.190001	-6.625747887	224.628295	19.55138353	1.31257239	7.251850693	0.631192585	0.7945945697
16	42	28	-31.600002	3.599999	11.160001	12.65639463	216.8489028	18.87427434	1.27169794	7.817332621	0.6804114693	0.5835670095
16	42	29	-31.600002	3.599999	14.130001	10.10058382	189.2190838	16.46940729	0.7431346379	7.286192565	0.6341816613	0.07757796498
16	43	19	-31.600002	6.299999	-15.569999	-9.364929907	300.2300153	26.13166865	1.378718978	11.84274741	1.030778855	0.8849104137
16	43	20	-31.600002	6.299999	-12.599999	13.78958258	220.892359	19.22621203	0.4942076407	8.019373745	0.6979968919	-0.2038928014
16	43	27	-31.600002	6.299999	8.190001	-15.72495783	213.4611222	18.57940589	0.9283969681	7.450881356	0.6485159806	0.4907298173
16	43	28	-31.600002	6.299999	11.160001	10.59941696	216.0497011	18.80471277	1.285539595	7.924099832	0.6897043622	0.615559864
16	44	19	-31.600002	8.999999	-15.569999	-32.41839175	285.5689042	24.85558273	0.5215332225	10.54499247	0.917823786	0.231192632
16	44	20	-31.600002	8.999999	-12.599999	-5.057267262	220.3180625	19.17622595	0.2009890298	8.582432656	0.7470048796	-0.3307865212
16	44	25	-31.600002	8.999999	2.250001	-14.0393075	217.5092114	18.93174683	-0.3386262967	9.044653756	0.7872360624	-0.7911190862
16	44	26	-31.600002	8.999999	5.220001	-40.18872648	227.1737485	19.77293682	0.1184950765	7.556068811	0.6576713734	-0.10326073
16	44	27	-31.600002	8.999999	8.190001	-21.94107099	232.890685	20.27053227	1.093269831	8.477611869	0.7378814011	0.7104501686
16	44	28	-31.600002	8.999999	11.160001	-3.707015919	232.7763271	20.26057869	1.501783201	9.344880596	0.8133674547	0.9580417482
16	45	18	-31.600002	11.699999	-18.539999	-63.21231799	300.7463426	26.17660918	-0.761739262	14.07295148	1.224893203	-0.7802897867
16	45	19	-31.600002	11.699999	-15.569999	-44.16604935	263.9067822	22.97013702	-0.05467778577	10.15487461	0.883868384	-0.2413290804
16	45	20	-31.600002	11.699999	-12.599999	-10.24767428	247.1792873	21.51419547	-0.2411541881	7.916825853	0.6890712436	-0.7271099289
16	45	21	-31.600002	11.699999	-9.629999	-11.8779552	202.2553197	17.60406598	-0.3544368244	7.500663859	0.6528489913	-0.8260017883
16	45	22	-31.600002	11.699999	-6.659999	-16.75686976	168.216335	14.64135264	-0.1241234998	6.752916213	0.5877659126	-0.5526435926
16	45	24	-31.600002	11.699999	-0.719999	16.08258593	213.7209466	18.60202071	-0.8095278133	9.472031544	0.8244345241	-1.527812034
16	45	25	-31.600002	11.699999	2.250001	-11.58802662	214.0431637	18.63006611	0.5228836182	9.170460992	0.7981861768	0.04872602837
16	45	26	-31.600002	11.699999	5.220001	-37.42363744	203.8531694	17.74314095	1.460244628	8.831367299	0.7686718592	1.214036132
16	45	27	-31.600002	11.699999	8.190001	-18.76698097	221.6682725	19.29374664	1.624424739	10.30101441	0.8965882216	1.213574732
16	45	28	-31.600002	11.699999	11.160001	-3.599267772	237.9262397	20.70882105	1.807046326	10.46172835	0.9105765745	1.262342167
16	46	19	-31.600002	14.399999	-15.569999	-104.870865	285.3240556	24.8342714	-1.038926938	11.63239772	1.012470264	-0.6898520428
16	46	20	-31.600002	14.399999	-12.599999	-73.86294527	272.7528799	23.74009099	-1.63545527	9.51758417	0.8283993714	-1.559985627
16	46	21	-31.600002	14.399999	-9.629999	-57.33187968	233.0058487	20.28055599	-1.034126721	9.113801483	0.7932545995	-1.104558395
16	46	22	-31.600002	14.399999	-6.659999	-32.40766007	194.5234373	16.931092	-0.1221322272	7.031866543	0.6120454224	-0.4125424571
16	46	24	-31.600002	14.399999	-0.719999	19.14667403	223.1962107	19.42673659	0.1146737737	8.675788867	0.7551304947	-0.6306853872
16	46	25	-31.600002	14.399999	2.250001	25.75503477	219.2957695	19.08724676	1.214531916	9.830650135	0.855648266	0.4108146452
16	46	26	-31.600002	14.399999	5.220001	7.47422753	215.3163218	18.74088029	1.722283201	10.12115879	0.880933799	1.079864607
16	46	27	-31.600002	14.399999	8.190001	4.511320634	254.4286265	22.14516945	1.647114581	10.38548762	0.90394067	1.030844999
16	47	21	-31.600002	17.099999	-9.629999	-112.3647559	308.3892196	26.84183623	-2.571034052	11.97772044	1.042526749	-2.155769881
16	47	22	-31.600002	17.099999	-6.659999	-59.83384277	246.6435556	21.46756601	-1.170781395	8.773448055	0.763630636	-1.219129249
16	47	23	-31.600002	17.099999	-3.689999	-12.81969578	224.1498159	19.50973727	-0.3607655498	7.910303076	0.6885035087	-0.8240199052
16	47	24	-31.600002	17.099999	-0.719999	18.71559884	197.0844006	17.15399524	0.06894042377	8.376681789	0.7290965652	-0.6726129461
16	47	25	-31.600002	17.099999	2.250001	53.05505833	210.84367	18.35158593	0.5462273332	10.2881356	0.8954672645	-0.4983721745
16	47	26	-31.600002	17.099999	5.220001	37.93118724	240.7051836	20.95069707	1.038481903	11.02485701	0.9595906328	0.1273233857
16	47	27	-31.600002	17.099999	8.190001	-1.370669475	295.3256403	25.70479761	1.769752634	11.25595789	0.9797053825	1.205383727
16	48	22	-31.600002	19.799999	-6.659999	-74.52003781	262.5407765	22.85124149	-1.868618411	10.39897203	0.9051143378	-1.787341196
16	48	23	-31.600002	19.799999	-3.689999	-26.44502044	211.8043553	18.43520284	-1.164812502	8.505751408	0.7403306336	-1.507799272
16	48	24	-31.600002	19.799999	-0.719999	2.595594716	201.0973721	17.50327958	-0.5794661168	8.39455359	0.7306521058	-1.178743736
16	48	25	-31.600002	19.799999	2.250001	25.51949293	213.9921643	18.62562717	0.1132473509	9.530343354	0.8295099157	-0.6883485082
16	48	26	-31.600002	19.799999	5.220001	-1.773102004	268.0394523	23.32983978	0.607253016	11.17460601	0.9726246101	0.04648062646
16	48	27	-31.600002	19.799999	8.190001	-59.41477484	316.2145578	27.5229445	1.718260782	13.21539239	1.150252265	1.666102387
16	49	23	-31.600002	22.499999	-3.689999	-30.16960981	245.0031984	21.32479124	-1.036771663	9.208951891	0.8015363795	-1.346895889
16	49	24	-31.600002	22.499999	-0.719999	-23.89043926	219.0438897	19.06532343	-0.1867856052	8.345552384	0.7263870983	-0.5523532832
16	49	25	-31.600002	22.499999	2.250001	-35.63074271	228.9425688	19.92689286	0.6760461973	8.714840849	0.7585295335	0.4140468875
16	49	26	-31.600002	22.499999	5.220001	-63.78720161	279.7751851	24.35130421	0.9278751249	10.67660715	0.9292793735	0.9143318564
16	50	24	-31.600002	25.199999	-0.719999	-57.871768	258.0363246	22.45917927	-0.2280284218	9.228105425	0.8032034806	-0.2937272542
16	50	25	-31.600002	25.199999	2.250001	-84.20717135	267.6448111	23.29549068	0.5325226781	8.726045307	0.7595047564	0.6991902278
16	50	26	-31.600002	25.199999	5.220001	-98.62712831	273.4867457	23.80396581	0.9906353404	10.15972607	0.8842906501	1.284533541
17	44	19	-28.900002	8.999999	-15.569999	5.59337895	255.5428939	22.24215398	-0.9512548168	9.912349076	0.8627592461	-1.576971819
17	45	19	-28.900002	11.699999	-15.569999	-24.49049867	225.9829687	19.66929274	-0.6020619774	8.862006769	0.7713386827	-0.9623182794
17	45	20	-28.900002	11.699999	-12.599999	-25.98500769	217.0681956	18.89336133	-1.051333343	7.683049627	0.6687236348	-1.398383901
17	45	27	-28.900002	11.699999	8.190001	4.855971018	172.2670196	14.99391948	1.18462465	8.595541799	0.7481458841	0.5653317186
17	45	28	-28.900002	11.699999	11.160001	20.91628609	180.7002879	15.72794128	1.193987158	8.462114619	0.7365325386	0.4329700824
17	46	19	-28.900002	14.399999	-15.569999	-76.39068233	249.0350283	21.67571698	-0.533597556	10.62107199	0.9244456576	-0.4358648737
17	46	20	-28.900002	14.399999	-12.599999	-75.8089165	231.3815045	20.13917496	-1.058605495	8.68888006	0.7562699369	-0.9659861464
17	46	21	-28.900002	14.399999	-9.629999	-53.06223514	226.9308093	19.75179168	-0.204145364	8.195608744	0.7133361797	-0.3122867081
17	46	27	-28.900002	14.399999	8.190001	15.61303467	208.0040417	18.104428	1.583058522	10.21246127	0.88888066	0.8688246842
17	46	28	-28.900002	14.399999	11.160001	15.14657569	237.5670545	20.67755799	1.921430219	8.553183489	0.7444590664	1.21129946
17	47	21	-28.900002	17.099999	-9.629999	-99.59756737	281.8086789	24.52829713	-1.112540076	10.1812998	0.8861684016	-0.8099963749
17	47	22	-28.900002	17.099999	-6.659999	-37.02028632	234.7909435	20.43592854	-0.2605576334	8.05503009	0.7011003783	-0.5102584883
17	47	26	-28.900002	17.099999	5.220001	35.45213178	232.3145683	20.22038775	0.7706026451	8.966702281	0.7804512574	-0.1186690895
17	47	27	-28.900002	17.099999	8.190001	8.498393886	234.5524745	20.41517248	1.638395376	9.93874853	0.8650570236	0.9869423233
17	47	28	-28.900002	17.099999	11.160001	-29.93482156	254.3461172	22.13798794	2.143532304	9.287771267	0.8083967256	1.831212367
17	48	22	-28.900002	19.799999	-6.659999	-54.23936205	252.8564075	22.00832535	-1.130192769	9.959457396	0.8668594991	-1.227910534
17	48	23	-28.900002	19.799999	-3.689999	-15.9713912	205.6095907	17.8960178	-0.8984920412	8.309495426	0.723248743	-1.333913415
17	48	24	-28.900002	19.799999	-0.719999	7.594223431	197.8628221	17.22174814	-0.007908145304	8.12458348	0.7071542239	-0.6513182715
17	48	25	-28.900002	19.799999	2.250001	31.22828455	183.8147137	15.99901725	0.5210805102	8.150888879	0.709443815	-0.3309082928
17	48	26	-28.900002	19.799999	5.220001	15.04109655	209.9690474	18.2754598	0.4424855113	8.618358511	0.7501318239	-0.2666568653
17	48	27	-28.900002	19.799999	8.190001	-37.25380002	261.0847118	22.72450731	1.399867778	10.49992592	0.9139012463	1.152162907
17	48	28	-28.900002	19.799999	11.160001	-83.76292234	290.7418771	25.30583223	2.071742011	10.15400365	0.8837925774	2.234429367
17	49	22	-28.900002	22.499999	-6.659999	-60.12256155	256.7456264	22.34683841	-0.5418533489	10.36350286	0.9020271426	-0.5876779003
17	49	23	-28.900002	22.499999	-3.689999	-30.93120233	247.8520555	21.57275243	-0.5295150213	8.773297064	0.763617494	-0.8329383473
17	49	24	-28.900002	22.499999	-0.719999	-16.5878338	191.1094947	16.63394644	0.1424591765	8.628924704	0.751051493	-0.287562949
17	49	25	-28.900002	22.499999	2.250001	-15.56025073	194.8789351	16.96203411	0.5255063763	8.737135128	0.7604700014	0.08640145964
17	49	26	-28.900002	22.499999	5.220001	-35.16019454	224.9566666	19.5799646	0.3766496856	9.014905558	0.7846468141	0.1105096947
17	49	27	-28.900002	22.499999	8.190001	-74.81974072	268.8022305	23.3962311	0.9038508229	10.79809445	0.939853485	0.9876648079
17	50	24	-28.900002	25.199999	-0.719999	-45.67287734	218.7685438	19.04135765	-0.2329948897	9.331632721	0.8122143752	-0.4063422818
17	50	25	-28.900002	25.199999	2.250001	-55.50306164	221.9902503	19.32177121	-0.03398266164	8.934089366	0.7776126675	-0.1205916293
17	50	26	-28.900002	25.199999	5.220001	-66.7640325	233.9139829	20.35959892	0.5099480057	9.118121048	0.7936305694	0.5226899668
17	50	27	-28.900002	25.199999	8.190001	-70.8143295	221.5108244	19.28004254	0.5235559506	9.644219143	0.839421531	0.572039109
